0,-5.833913532731422
1,-5.698952833746888
2,2.8291717468912
3,-2.853838372884666
4,2.892415636461586
5,2.9963837329922955
6,-3.1119924989208263
7,0.7380141234397722
8,2.027123373115431
9,1.3041849927582303
10,0.7297808231356007
11,1.8828733305733136
12,0.20020182617191115
13,-0.1352534770548284
14,0.4118579749723973
15,1.9810687428820177
16,-0.39658337988012304
17,-1.9426840153384366
18,-0.6371792924767633
19,1.6275100175072421
20,0.06305565971100671
21,0.1280271375396482
22,1.2130372819622173
23,1.5643420013053795
24,0.3152665188295923
25,0.7008350183364219
26,-1.0688501648146476
27,-0.5097067523380652
28,-4.9480363630801545
29,1.0209961393681775
30,-0.6104954206254873
31,-2.127178221031042
32,-1.8167871968195095
33,2.26131161493364
34,-0.42337055955445396
35,1.0294895174828158
36,0.48457033371614877
37,0.21399428863337688
38,-2.3091792597618213
39,0.9358002804184355
40,0.6130252591735369
41,0.16948915394755318
42,0.0
43,0.7699986176393253
44,1.6312866560653312
45,0.0
46,0.08698586959143888
47,-0.2350842287071147
48,-0.4175692007273371
49,-0.6944391800249246
50,0.03087978704477568
51,0.45005225475112853
52,0.08214516865438826
53,1.1326054262041074
54,-0.157889346174772
55,0.09634527071813581
56,0.03258298351071201
57,0.26443444620335493
58,-0.7300399035926576
59,0.7738768906125513
60,0.6746767556972446
61,1.4240317868956445
62,-0.1989043981746714
63,-0.701477804469584
64,-0.6436071291066736
65,1.3494602583894828
66,-0.23655388641365882
67,0.0
68,0.3140288516154601
69,0.5285921624599271
70,-0.601139711420014
71,-2.0376842163970097
72,0.22938715316297467
73,1.4354548433566756
74,0.06853736925761497
75,0.7597516545975582
76,-0.3474063447598653
77,-0.42304786682715745
78,0.5015993913555702
79,-1.500056006044223
80,1.0937972131315918
81,-1.0321363754122679
82,0.4135341692078191
83,-0.7856842615591884
84,-0.9365536257003624
85,1.3615792083603124
86,1.464068381453677
87,0.6607283811203756
88,-0.3849783530010174
89,-1.5099930320581
90,0.8186859614294593
91,1.0294463282604818
92,0.6962200322606173
93,0.5466004851854775
94,0.8571776457351772
95,0.035414560392783914
96,-0.711418400136382
97,-1.2909641294260132
98,-2.3806766715521843
99,1.5762367827204056
100,-0.16424146723712116
101,-1.7786722793108607
102,1.4594169918955735
103,0.8799178681895545
104,1.8858274239044936
105,0.0
106,0.24284465158563595
107,-1.6968958412796273
108,0.6611963772995507
109,-0.8680003688133372
110,-0.5490315009625956
111,-0.7410010503024779
112,1.9095178826338288
113,-0.02972217826777501
114,-0.38535697187666035
115,1.0518231078268596
116,0.45471414661795284
117,0.09194738649976872
118,0.46547149607272126
119,-0.15672309185686695
120,-1.6714940646489505
121,0.5002453792520062
122,1.2670961231288902
123,0.21701061392806123
124,-0.6666288783558464
125,0.012732109871392894
126,-0.3545777321325248
127,0.3411300580201418
128,-1.719972713504284
129,-0.32572386654545415
130,-2.4655350048553624
131,-0.2815144328226839
132,-2.7017002194243895
133,-2.151030683918901
134,1.5528877270332477
135,-0.633959927560309
136,0.02818112455580732
137,0.7903218195382107
138,-2.839696937202331
139,0.6545314884308427
140,1.0815638172213498
141,2.3383021406913596
142,-1.678851828074252
143,0.5027888986376617
144,-0.5513289896653787
145,-1.2003082836790062
146,-1.0818218594471554
147,1.5532288575693538
148,1.3727831957653471
149,-0.017751365759352503
150,0.21613620039821665
151,0.8027687579865801
152,-0.8956110279526681
153,0.9702837328698596
154,-1.0203974983204565
155,-1.7867128494927702
156,1.6937663377620897
157,-0.4142744631940125
158,0.887639531154644
159,0.0
160,0.5640689058418433
161,-0.5743924649431089
162,-0.0995112937018951
163,-1.1986361762564832
164,-0.9207011389103786
165,1.209604980146119
166,-0.4690043673408765
167,0.12213711796415223
168,0.3988141023586495
169,-0.8082403177009704
170,2.8445627623258467
171,0.8724068188585045
172,-0.7128653615301763
173,0.49816429996075323
174,0.0
175,-0.28135295722670745
176,0.5284013157145665
177,0.37484345997060026
178,-0.48221611316423846
179,1.4445077421981254
180,0.4494553830949663
181,-0.22643382539420998
182,0.12420101086223145
183,1.4353636690810851
184,-0.5025368987829331
185,0.6353293139634669
186,-0.11540046667258164
187,-0.8717397513354684
188,0.5738022645649379
189,-0.8422807650327845
190,-0.8894168855004861
191,0.24480255258598194
192,-0.18094309737317463
193,-2.613468472202278
194,1.459090339666998
195,0.4967036284547726
196,-0.4640848669098928
197,-0.15208634838213664
198,1.1773676192573541
199,-0.04456028451288582
200,-0.674034186477249
201,1.225564542173111
202,-2.7848446752146
203,0.31648002625299815
204,-0.8254433925982273
205,1.2375819261866965
206,-1.977460379252467
207,0.13153796920982652
208,-0.7120819444393225
209,-0.676645323984687
210,1.9575146434769262
211,-0.31948663477357503
212,-0.989498368156084
213,-0.5377549398620425
214,-1.3326709710298368
215,0.29970809827923983
216,-1.2805590829401885
217,0.0
218,1.3779857605416186
219,-1.7636277711487442
220,0.8532144927920483
221,2.179673125182399
222,-0.46348787138507186
223,0.3027574885896584
224,-0.7090695311309715
225,-0.5505833183777693
226,1.1204456663358078
227,1.4140520328389876
228,0.09961973419422358
229,0.5875113465535752
230,-2.100171117507481
231,0.5166482252612533
232,-0.41206296404029563
233,-1.1269318313650474
234,-0.872652867888194
235,1.048888094883821
236,0.35585661115426076
237,0.997429463059506
238,0.0
239,0.417915345192453
240,0.3117829757994739
241,-1.5907403640353155
242,-0.5586555180829805
243,-0.08869993544414186
244,-1.105253061947155
245,-0.6393961176903568
246,-1.9116858102427763
247,-0.0339633813548435
248,-1.72035474203292
249,0.5768058420760316
250,0.7439274993108309
251,-1.1332024286588067
252,0.4004885990543107
253,-0.9913621657840547
254,-0.044857704677149134
255,-1.4929239302041117
256,-0.8730149624252576
257,-2.5885345913683944
258,2.233501338578952
259,1.7615843270148008
260,-0.1122978851173399
261,-0.3274454191642399
262,1.1387263485666934
263,0.21846610360722193
264,-1.1030997696012523
265,1.700448439947216
266,1.1988400558070187
267,-0.7197234000566011
268,-1.0493857022344701
269,-0.7305190150561148
270,0.7079846811687026
271,-0.550668028319226
272,0.03054064159959058
273,0.6153952807112986
274,1.0315749856338483
275,-1.1283275018444225
276,-0.3384645807423882
277,0.0
278,0.4056827247470105
279,0.4235617803257811
280,-1.1165416390336442
281,-0.2214446900138782
282,1.2765046670938056
283,0.4984390866914641
284,-0.0323734317730354
285,-1.044574856088882
286,-1.3629734238440583
287,-0.24611913390802653
288,-0.3459034146029327
289,0.5268014163920902
290,-1.9814881495944228
291,-0.14070694768036923
292,-1.189182758918206
293,2.258965045068912
294,-0.5567012345569785
295,0.9207330389772782
296,-1.143922620165364
297,-0.9845446026872275
298,2.318915121657785
299,-1.3211417766995568
300,0.9092164295713224
301,1.842268993381414
302,0.19389888012647225
303,-0.41219224118683545
304,-0.3997438902833376
305,-0.6250439837276676
306,0.43945628484305843
307,1.4307707247311627
308,0.17920138499855748
309,0.2247333838205353
310,-0.10259136013930494
311,-0.18627595442900718
312,0.17458381515291554
313,-1.005721745925419
314,0.560752113267498
315,-1.4546829656707498
316,-0.12651951654909843
317,0.40929707546011773
318,1.7005405562420277
319,-0.30380206276558
320,0.601991902842595
321,-0.06975845060458996
322,-0.8109168963550969
323,-0.05623935046332287
324,0.6173037342025084
325,0.560722332008984
326,0.44845742014983087
327,-0.5151938305055608
328,-0.15907274653271908
329,1.0004396127864725
330,-0.15106188475596816
331,-0.31545637696615453
332,0.5290372761313151
333,-1.046063554294869
334,-0.16815196809299932
335,0.28806232399351195
336,1.2035877981624257
337,0.3727399708168037
338,-0.14327154343122772
339,0.6887252788596506
340,-0.17288197641607722
341,0.0
342,-0.24417755133088012
343,-0.8412164540682153
344,0.2524482874657942
345,-0.8635410449341138
346,0.0
347,1.0567762372015697
348,0.4776973399882117
349,0.639546538444774
350,0.3818259059163764
351,-0.7729228444199246
352,-0.17493232345143128
353,0.37652277558498437
354,2.118316680008011
355,-2.1884607568060432
356,-0.33793228896501787
357,-0.5809568755147685
358,-1.1555883045038888
359,0.36413430116950396
360,1.1876674395062385
361,0.4557389882917323
362,-0.08803326495522948
363,-0.602881432532058
364,0.5842946271170881
365,-0.31505529641106766
366,-0.8878012934592883
367,-1.0939530637163148
368,0.8180553459441112
369,-1.7972952565606164
370,0.24287323413639467
371,-0.7637294906204143
372,-0.1741154321631764
373,-2.097960332009056
374,-0.6386241503399278
375,0.0
376,-0.8053900896233543
377,2.634117887128027
378,-1.7804627690214894
379,0.6822389539655673
380,0.25419575840627584
381,-1.0721349062198415
382,-0.30170708626605625
383,2.345157242429991
384,0.7042659913409403
385,-0.17218633683021892
386,0.7950051194837645
387,1.5631857381567296
388,0.3581422491900531
389,-1.3923174336488184
390,0.31022896833720437
391,-1.0135053459754457
392,1.4699321519197999
393,0.36605805569154054
394,-0.20218612487792847
395,0.15222045193565645
396,-1.1710328196902535
397,1.5079364596640674
398,0.3688733415357371
399,-0.8409068257069608
400,1.40232913807394
401,1.5813889384648434
402,-0.2824623759526271
403,0.016947465424041245
404,0.6679703163363597
405,-0.02581055942178476
406,-0.9367482921059483
407,-1.1672043582618274
408,0.1251834240622427
409,-0.8154231415355995
410,1.380529103543864
411,-1.4055844976831637
412,0.19691925005077224
413,0.6666126615137338
414,1.215622236493807
415,-0.4491835049700874
416,0.0
417,-0.10054736334900223
418,0.2879752176507636
419,-1.9557212579803898
420,-0.11064181270027526
421,1.4365434714939254
422,-2.100219067735245
423,0.6579064750307986
424,0.30809334643545827
425,0.35520672730902714
426,-2.584238362949797
427,1.7661674391709161
428,-2.393538660458853
429,2.5309155645716364
430,0.0
431,0.0
432,-1.008875673524988
433,-0.32954455950780903
434,0.27202265702801376
435,0.03614919403466941
436,-3.270238595427614
437,1.7911946115186783
438,-0.23394220001270752
439,-2.00849565018094
440,-1.4956262363913446
441,-1.4744684081948602
442,-2.313113440826892
443,-1.0151796722814141
444,-3.1755823468993194
445,2.0526905525778063
446,2.61231420049869
447,-0.642568819530753
448,-2.7257625196441677
449,1.68083817688962
450,-0.6381049976700621
451,1.3971348966736892
452,-0.6214585993447344
453,-1.3003939007913075
454,-0.8429813836843071
455,-1.2590783996339259
456,-1.1005510059582442
457,2.2099110585409316
458,0.0880255545432156
459,1.3799206055435234
460,0.8531380597483418
461,0.1791645517814795
462,0.09231480203155844
463,-1.1384663667887018
464,-0.8401715106231359
465,0.6197990679938525
466,-0.6690308991871651
467,-0.7100568710823544
468,-1.4119654370697512
469,1.8505041462931886
470,-1.8113762918596192
471,0.08768817213411169
472,0.22619913654598217
473,-1.9277715695663056
474,-1.5700248850446858
475,1.0325218573474648
476,1.601160888882909
477,0.1986761265741112
478,1.310343516570463
479,0.0
480,0.3164982802833095
481,-2.2511722182412233
482,1.0542369332110915
483,0.5425837762512481
484,-0.5083315801524331
485,0.6925837744097808
486,1.0343619751810607
487,-0.5080748920618067
488,0.31871390969928537
489,-1.0612866016756937
490,0.9782179669191094
491,-0.6502142715371003
492,1.0991885041144465
493,0.14697938609346076
494,0.047949024155244886
495,0.2426894879958093
496,-0.3104671571830153
497,-0.5766683422667637
498,0.30739440225861225
499,0.1394756604347637
500,-0.26188496080051216
501,0.7457317472583832
502,0.6899537776700814
503,0.10944389683256964
504,0.16349513257936124
505,0.33421972240987474
506,-0.6551956595663102
507,0.14070411252728543
508,-1.148269347823242
509,-0.5167225783191166
510,0.3110863718759886
511,-1.0820460059053145
512,0.4267952967751606
513,0.21014313387830258
514,0.0
515,-1.7233251320194147
516,1.243371194517709
517,-0.5513155821483304
518,-0.271114651364004
519,0.4039129824096973
520,0.30096336692856784
521,1.2499302868120472
522,-0.9917589916654742
523,-0.7142196087709765
524,0.30119613817891877
525,0.09875301096140573
526,0.0
527,0.12045716746576803
528,1.161026854678269
529,-0.17745050290539177
530,-1.2344058903380546
531,0.05837026103046495
532,0.39982742054521997
533,-0.6334602449043686
534,0.0
535,-1.1680671002742515
536,-0.4698128336767685
537,-0.22754945371250163
538,-0.5614071742942991
539,-0.8446919229772575
540,0.8838168116317233
541,-0.888156548438394
542,-0.3225986232853916
543,-0.44611424191837945
544,-1.5052653226460926
545,-1.1219266457864958
546,0.8546600484946109
547,-1.30960064460476
548,0.23960835064100444
549,-0.912886449157749
550,1.8553766381602879
551,-0.03451439046814026
552,2.104991900985916
553,0.24522199825153476
554,-0.41605807220424934
555,1.310077857186404
556,0.9891818732196402
557,-0.35492301604814736
558,0.19933191407496392
559,2.335680338892047
560,-0.9141571256307555
561,0.5507839961523641
562,-0.8561046983971952
563,-0.9576546676432334
564,0.46206524744666927
565,0.3830165812155652
566,1.608119175567364
567,0.4076682367626719
568,-0.6598718378553683
569,-0.9619865205809431
570,0.4752836752459734
571,1.7806679708271869
572,-0.10846346834149137
573,-0.6642089398876116
574,0.3211658902473693
575,0.846370912145547
576,0.36181449100128593
577,-1.379375142287237
578,0.861269996660612
579,-0.13282544071818062
580,0.01354551534079246
581,0.8317151797606532
582,-0.4832782099492304
583,0.0069198576568684275
584,1.2329440938865337
585,-0.14136816872486704
586,-0.0549024279913833
587,1.2263837821937897
588,-0.06035568187281331
589,0.1228015972679484
590,-0.7437756810186676
591,1.0214397625784322
592,-0.40533300157017
593,-0.4658523906057218
594,-1.5528749365354215
595,0.323751374476637
596,-0.15627098981188633
597,1.234187766839357
598,-0.05833304077697959
599,-0.2738784243280539
600,-0.45749545055006413
601,0.0
602,1.6985759495624393
603,-0.6257619240495365
604,0.02281783816061698
605,0.8645666766053689
606,1.209458492867253
607,0.628764328390642
608,-0.1385595166350528
609,0.4676024027248415
610,-0.007406006326003728
611,-0.39680846669091757
612,0.10804820989286035
613,-0.10877960409865138
614,-0.11118050408030354
615,-0.9360188219391892
616,-0.7099363321086279
617,0.10959375039258393
618,0.3752485964941807
619,0.283176493872568
620,-1.4755136960023145
621,-0.5754140249149174
622,0.5807204098188559
623,1.117841223726126
624,0.12199176000362436
625,0.07941916165596673
626,-0.07153563077576931
627,0.6427657830482023
628,0.0
629,-0.35119526639376447
630,-0.8903822157755896
631,-0.7651904739313824
632,0.09112315474327577
633,0.06157364515100732
634,1.2618070127187697
635,0.32202321512217114
636,1.7775253811353342
637,0.663022772354413
638,0.009486069239899569
639,0.5381450245492075
640,0.019303275083126792
641,-0.009793361681228286
642,1.626519551285968
643,0.5857680647848922
644,0.16125104786513458
645,0.009596576250632996
646,-0.19439627137486773
647,0.7690604091803951
648,0.04933804876206676
649,0.7083319147690331
650,0.7670870236041987
651,-0.47526915135650233
652,-0.8567081979640973
653,1.1748419292824719
654,0.2418057675521031
655,-0.889823138977119
656,0.8204278670946432
657,0.5229878039010797
658,-0.9696621483973276
659,-1.7158560500999458
660,0.7600785046801967
661,0.5442200357862226
662,0.6178694968255476
663,1.3481480947426634
664,-0.07031938908007275
665,0.255334588025811
666,0.061941770927359
667,-0.052309993601395495
668,-0.349295719455752
669,-0.7885840893699348
670,-1.493003924678029
671,-0.29491666862703586
672,0.6436382809607667
673,0.7974783975476476
674,0.0
675,0.9089685005219776
676,1.0005538390898978
677,0.9153149316844935
678,-0.03296732822805827
679,0.5259239332836407
680,0.6297543419676844
681,1.4388196862519482
682,0.07669273172074896
683,-0.03342005348357945
684,-0.045209924401458434
685,0.5734132398774235
686,-0.6166017812243025
687,-1.589155288346401
688,-0.1960216527921799
689,1.5299150060705917
690,-0.4506869719248166
691,-0.435129421616679
692,-2.028166590969798
693,-0.6426708138225348
694,1.1806512167483747
695,1.104650954486032
696,0.11143641483934363
697,0.7859642028231763
698,0.5956864907516624
699,-0.022616314577637117
700,-0.32048813573226215
701,1.2502696032972074
702,0.0343174747561898
703,-0.6999784188199917
704,0.3998110815424916
705,-0.46040717881984644
706,-1.319224057118478
707,1.1869251993778018
708,-1.2876736191244897
709,-0.7761243448540832
710,-1.0201514386956594
711,-2.249655132807315
712,1.201929376744946
713,-1.626757384330009
714,-0.04612796444736461
715,0.7544909543538432
716,-0.44166529694240464
717,1.649470569144297
718,-0.06756832360296623
719,1.274171201487006
720,-0.2778235573895628
721,0.4409640483975563
722,-1.1281414411313535
723,0.540212273950726
724,1.6467506951890964
725,-0.055087349842972845
726,-0.02239173482108673
727,-1.5408569315416103
728,-0.15902616494511748
729,1.1459262556528154
730,-0.2939414510255101
731,0.011530974117822907
732,0.0
733,-1.9942534981759183
734,0.6375883212788438
735,1.0661654169356627
736,0.8063264239420417
737,-0.8554015036947072
738,1.6769159953439405
739,-0.021987124878769113
740,-0.6864500233772388
741,0.022720162300116344
742,-0.1619932120482202
743,0.563139740998252
744,0.9539294550819404
745,-0.09318841175750002
746,0.49829468822798145
747,-0.5352146307635269
748,0.4734836671564387
749,0.7306247699853654
750,0.838411179650944
751,0.9071969719297871
752,0.412287230334819
753,-0.11010013544435994
754,-0.14906787624286486
755,0.025271019559310038
756,-0.8589400383681717
757,1.6749957660984152
758,-0.16128435358720739
759,-0.012618734225753216
760,0.4097537745299642
761,0.5294681860644602
762,-0.4147702579649084
763,-0.5643254186667468
764,0.6946258101912367
765,0.6569614952026931
766,-1.2075366162505559
767,0.0
768,1.317267213382213
769,-1.1021445329130017
770,-1.6110067910056451
771,-1.1986702946655987
772,-0.0671325843131829
773,-0.6772408436077729
774,0.837352841062491
775,-1.5168290575582195
776,-0.6161608377210993
777,0.7769243940365819
778,0.7746344600954732
779,-0.0556705727196689
780,-2.653984398389462
781,-0.09260493080531622
782,-0.40285360304060963
783,0.719564241270476
784,0.040985539904303814
785,1.5220646486741027
786,0.9832523819099808
787,0.0
788,0.9492994870119577
789,0.7876678900278521
790,0.4611053432438858
791,0.2526789068327261
792,0.2153836918264092
793,-0.7949933602106285
794,0.3311721944787136
795,0.18144372562595432
796,-0.2259846190741092
797,1.711469748230344
798,1.0186852399732012
799,0.2726109886924793
800,0.2759310977096752
801,1.6977070298068038
802,0.2559975169323762
803,0.3682410943684129
804,0.7690538604012491
805,0.2489364592920614
806,0.08400774080978798
807,-0.38134763268625704
808,0.745865369053129
809,0.47661249055784555
810,-0.2761584179332321
811,-1.1364383487737175
812,1.3750807426957639
813,1.0895231401770875
814,-0.8619436856846777
815,-0.6160621318178117
816,0.014634049161658997
817,0.43056137291537366
818,0.3152167932140212
819,-0.7787243050291952
820,0.7624420342354564
821,0.0
822,1.8134023857033454
823,0.6859138399590132
824,-0.20990755770797243
825,-0.0761619859039826
826,0.6792079571100619
827,0.12458587175839063
828,0.4105778916392703
829,2.3034127095929624
830,0.4161425706328223
831,-1.313754814024823
832,-0.3543116070872853
833,1.2877618084972555
834,0.46013250296627367
835,0.8662742284949165
836,1.4883015571153908
837,-0.35168199370088743
838,-2.107541777279654
839,0.3102731162866005
840,1.863976093238223
841,-2.5716215322275064
842,1.7456810393986353
843,-2.1228508054346764
844,-1.3228818023603455
845,-2.9848036097126354
846,-1.6470593239466755
847,3.149220748146717
848,0.3333720829990046
849,1.7316172424795633
850,-0.2849640629662029
851,-1.1300841353747326
852,-0.04913435582367822
853,-0.9911392158385658
854,-0.8702881286754613
855,-2.536425292520902
856,0.7235668818059533
857,-0.7040973111333418
858,-0.20217943835077265
859,0.0
860,2.4055083745102404
861,-0.5479668591248325
862,0.0
863,-1.6107670116362713
864,1.4025708053520478
865,0.7881254707234304
866,-2.2861184112098765
867,-1.3574620693900499
868,-0.16014021755729466
869,0.2559156994553924
870,1.350534829335891
871,0.8403668658793392
872,0.4195632633986155
873,0.9605668827924564
874,0.05070294960832853
875,0.04408659602924704
876,-0.1347092178090825
877,-0.35744272844955616
878,-1.209792713863269
879,-0.10292711456629382
880,-0.680640826592018
881,0.8546485900418563
882,-0.21129751371777578
883,-2.1068639596144587
884,-0.4428269906307918
885,-0.47794108825358794
886,-0.6166586648535594
887,0.0
888,-0.4728597189318457
889,1.9238092779398168
890,0.5899082106488808
891,0.5310638116056965
892,-0.2916426836067523
893,1.3389734890534042
894,0.049080062110268954
895,-0.7166226280838695
896,-1.7720093887532335
897,0.09359757891741408
898,1.0983942660062993
899,-0.9136551886434591
900,1.709705114530693
901,1.3513235663042802
902,1.0344318139331903
903,-0.1512105773742088
904,-0.8594082517747916
905,-0.17276271744729702
906,0.15199524370802467
907,0.787050981521446
908,-0.24873713254510718
909,0.489757349017933
910,-0.6522515646697742
911,-0.3595442009316341
912,0.7296730068936984
913,-1.1086314083931388
914,-2.226280315875503
915,-0.2539395319683517
916,-0.499607146221349
917,0.5356767382560205
918,0.8289577258237782
919,-0.218049364291212
920,-1.0340145886825565
921,0.06347900478998789
922,-0.7940418324842347
923,-0.664335195970434
924,0.8720305122721979
925,-0.4352200274223346
926,1.628571267048881
927,-1.4356069401111258
928,0.07390913306401861
929,1.9588656517749221
930,0.6748302346940693
931,0.9469902031906857
932,0.0
933,-1.0763917051342125
934,0.4101573291814811
935,-0.0791546757134989
936,0.17881049681061723
937,1.2980971714549325
938,-0.06133572140941302
939,0.3102772647023977
940,-0.2860171179964303
941,-0.009155905899035185
942,1.5629074252751372
943,-0.20402848744132848
944,-0.6544785405051209
945,-0.7474519495592717
946,1.8050579712619568
947,-0.14068019044908062
948,0.53545933235786
949,0.3320761605555515
950,-0.0996393375700848
951,0.3406351672427962
952,-0.8616291858618571
953,1.595591063180148
954,-0.1442030580367775
955,-0.036680773359671494
956,0.594393774108405
957,0.14950374104857622
958,0.018929593744641152
959,1.2181128492075444
960,0.150619091689041
961,-0.38922578875460384
962,0.37790847147721945
963,-1.1716560594964942
964,0.6180017662559544
965,-0.3638892820209454
966,0.5009930190145462
967,0.48409643465086133
968,-0.16251416157575954
969,-0.18578142272549525
970,-0.6147944164847323
971,0.4898724505631567
972,-0.31067853826792646
973,1.4765126049445634
974,0.32774344557344415
975,1.6438144482886625
976,0.41058324042526867
977,-0.175839614315914
978,-0.8993935985094956
979,0.6249348170268282
980,-0.13848493728696026
981,-1.2802237159269774
982,0.1625582574864196
983,-1.5461704764440614
984,0.17444138671158907
985,1.6000136156015732
986,0.21211883400251408
987,0.3970035325908806
988,-0.8231881558057436
989,1.6901705425647204
990,0.0
991,-0.5184480168840985
992,-0.01081302861607509
993,-0.44799856109334735
994,1.6574608075659756
995,1.0164427174296193
996,0.33956457007333873
997,0.5036377920526621
998,0.49844321457035895
999,0.20780687454656793
1000,0.09968820860455598
1001,1.0317054831991372
1002,-0.23293218560536186
1003,-0.15822353662929267
1004,-0.3535349088826966
1005,0.8438896696245248
1006,0.19827599945899446
1007,0.27181404477970517
1008,1.1695446381287034
1009,0.02367033235418075
1010,-0.1677444256293242
1011,0.25597185042726517
1012,-0.3315832286608212
1013,0.1626650199611872
1014,-0.06333718078583853
1015,-0.6487890538528347
1016,1.5918195486385944
1017,-1.4047218501860788
1018,1.1093408099789623
1019,-0.14819034835487813
1020,-0.7917262793035558
1021,0.6188902044008343
1022,0.5850922951232839
1023,0.792319708730304
1024,-0.05144411228635243
1025,0.7676967349487239
1026,0.0
1027,0.3060621123105688
1028,-2.632527068962137
1029,-1.195215810004516
1030,-0.47715720076043533
1031,0.6585361654080997
1032,0.12531646014492673
1033,1.585208967024293
1034,0.18412744191723251
1035,-2.052869430480221
1036,0.6438318398211549
1037,1.8248043500240434
1038,-0.09130357713570729
1039,0.11601482432312217
1040,0.24705299490566132
1041,0.9094822379816181
1042,0.6862920204350769
1043,-0.27355065381096744
1044,0.2543313542217405
1045,1.1021223010983812
1046,0.364745252865495
1047,-0.47640262321188415
1048,0.8056872588739294
1049,0.7461903273686438
1050,0.23822724675573664
1051,0.0
1052,-2.5094144174119744
1053,-1.6545318020651325
1054,0.5836454881420391
1055,2.1094408403648974
1056,0.12050129271592672
1057,-1.9046417637471644
1058,0.538770551508081
1059,1.9478369328416107
1060,-0.3160515964857947
1061,-1.5617727653471452
1062,1.4509864508224422
1063,-0.6043033677765225
1064,-1.8502867314168359
1065,0.3375101889720194
1066,-0.3116128741799503
1067,-1.0181149936661598
1068,-0.7202182530738885
1069,0.2632385598886897
1070,1.0986236437694146
1071,1.8424860699594052
1072,-0.4722911821617686
1073,0.28123728114067764
1074,0.6872753316240191
1075,0.5378264880172725
1076,-0.3673908805526238
1077,1.0073467969402272
1078,1.176554447240753
1079,0.294477461167295
1080,0.3901858629720801
1081,0.22835522502142896
1082,0.18923928752611577
1083,0.20241714825494536
1084,-0.45074395823693225
1085,-0.9464166381775442
1086,-0.7635350376285933
1087,-1.3116546305747117
1088,0.17869114361211128
1089,0.5750122142764436
1090,0.8900982826107182
1091,-1.3503889522868209
1092,0.0
1093,1.8672700473401198
1094,0.2606200735292282
1095,0.0
1096,0.7436114765609595
1097,0.952061717401817
1098,0.3337261335666233
1099,0.5057166684753245
1100,-1.2443964960029865
1101,-1.1285866564591351
1102,-1.3343744268623319
1103,-0.06815887792762966
1104,0.0
1105,1.2611095689633869
1106,1.4727700526557397
1107,-1.599173316352054
1108,0.8410231244647167
1109,-1.481976899603261
1110,-1.408272544070024
1111,0.021854224020546688
1112,1.4705291495006687
1113,0.1822035878527553
1114,-1.014683133893156
1115,-1.3645817921456511
1116,-0.3732315956850646
1117,0.9916501333765867
1118,1.44674981243773
1119,0.512186955903304
1120,0.0
1121,1.2115240836423302
1122,-2.634740066355684
1123,-0.03994094285758137
1124,-1.2015125244831144
1125,-1.174713650912704
1126,0.09307242521205757
1127,-1.0346326440251965
1128,0.45542935150162056
1129,-1.2423890459094036
1130,-0.2170622872206643
1131,1.908358640945004
1132,-1.5405848170807226
1133,0.23637652640327841
1134,-0.13527164945546177
1135,0.8664748836620867
1136,1.4485824460956114
1137,-0.5832484275032102
1138,0.2978137202210806
1139,-0.3423947633853083
1140,0.8368611011030446
1141,1.3789292385267664
1142,0.315855922449296
1143,0.6661402512575549
1144,1.136553820024542
1145,0.0
1146,0.443104525322607
1147,0.28096813378971786
1148,1.3484087529362814
1149,-0.5315928944444651
1150,-1.874588501334696
1151,-0.43680243494940973
1152,0.5884944780353227
1153,-1.1898870818604566
1154,0.645740816224705
1155,-1.4129675626501144
1156,1.595523280975304
1157,-0.06034739550951148
1158,1.095881520507844
1159,-0.17116013499540988
1160,-0.800291961306134
1161,-0.9017965000929568
1162,-2.338717927028369
1163,-0.06042750919734014
1164,-0.173962487630659
1165,-0.5500117056603403
1166,-2.538145617743475
1167,0.5118345574421653
1168,-3.5989721170127718
1169,-0.9531462310583535
1170,-4.297546461878567
1171,2.858992327589706
1172,-1.7648991678004557
1173,1.6313233039192025
1174,0.352273072972516
1175,0.8830773817390951
1176,-0.398029058675295
1177,-0.1881307086176708
1178,-1.9141755970502679
1179,-0.651566928143469
1180,-0.24175737795413266
1181,1.7793869978818835
1182,0.34756873602262867
1183,-0.7484285464667494
1184,0.836290073402093
1185,1.6711684811013068
1186,0.0
1187,0.20878115715964352
1188,-0.8800836099777763
1189,-1.4540144078327435
1190,0.0
1191,-0.0882864468738355
1192,1.5766637496251512
1193,-1.2633639205212701
1194,-1.0902245782486748
1195,0.3047901073242556
1196,0.5286065414246913
1197,0.6050161048674664
1198,0.6807325225902934
1199,0.31594475711441533
1200,-0.8457176329123306
1201,-0.6674988827954116
1202,-1.5096129153781581
1203,-0.9729333261885108
1204,0.42890255073438094
1205,0.7850525847800957
1206,0.8705592591099057
1207,-1.4263008676489835
1208,0.6300919087884874
1209,-1.2067409128924687
1210,-2.153192703878709
1211,2.0411813871257016
1212,0.7165017647426168
1213,0.9050384495365915
1214,-0.7325610848587253
1215,1.4368103085521573
1216,0.1430669061006267
1217,0.3763756588902435
1218,0.04662389443227395
1219,0.8013725443163386
1220,-1.178792624918461
1221,1.180246634264299
1222,-0.72984412473111
1223,-0.10505630979272776
1224,0.965355637077568
1225,1.04319372898893
1226,-0.9398647350571718
1227,0.5398101758259884
1228,1.9793904365408221
1229,-0.1741542244629781
1230,-0.95451550020475
1231,-1.0174445526885452
1232,0.5847265889378477
1233,0.7746767053960228
1234,-0.0347836649036586
1235,-0.06059636535618538
1236,0.47646738408965694
1237,-1.8049990503898965
1238,0.3010507165992901
1239,1.089813435742598
1240,-0.44964205400414553
1241,0.28535081179217947
1242,-0.6182070533650372
1243,-0.5019149643632654
1244,0.027466373812163533
1245,-0.9564413698275501
1246,-0.4222872379002726
1247,-1.2485041123730851
1248,0.0
1249,-0.48045607831109405
