TF pct ,,,0.9697,,,Run t distribution,result:,parameter 1,parameter 2,parameter 3
-0.003144654,-9.5283E-05,3.00E-07,-5.83E+00,,,,,0.0399,0.9142,8.2444
-0.012302839,-0.000465172,4.88E-06,-5.70E+00,,,upper tail-99.5%,3.0813,,,
0.007026509,-0.000238174,6.22E-06,2.83E+00,,,lower tail-0.5%,-3.0014,,,
-0.007928957,-0.000471205,7.94E-06,-2.85E+00,,,larger number,3.0813,,,
0.0092711,-0.000176013,1.03E-05,2.89E+00,,,,,,,
0.011086475,0.00016524,1.37E-05,3.00E+00,,,Return,7.54E-02,,,
-0.013471178,-0.000247943,1.88E-05,-3.11E+00,,,last settlement,664,,,
0.003175611,-0.000144209,1.85E-05,7.38E-01,,,suggested margin," 5,007 ",,,
0.00918012,0.000138318,2.05E-05,2.03E+00,,,,,,,
0.005959849,0.00031471,2.10E-05,1.30E+00,,,,,,,
0.00330527,0.000405324,2.07E-05,7.30E-01,,,,,,,
0.008826455,0.000660484,2.24E-05,1.88E+00,,,,,,,
0.000924214,0.000668475,2.18E-05,2.00E-01,,,,,,,
-0.000615574,0.000629569,2.11E-05,-1.35E-01,,,,,,,
0.00184786,0.000666483,2.06E-05,4.12E-01,,,,,,,
0.009222256,0.000925723,2.25E-05,1.98E+00,,,,,,,
-0.001827597,0.000842297,2.19E-05,-3.97E-01,,,,,,,
-0.009459872,0.000530142,2.40E-05,-1.94E+00,,,,,,,
-0.003080715,0.000420733,2.36E-05,-6.37E-01,,,,,,,
0.008034611,0.000651433,2.48E-05,1.63E+00,,,,,,,
0.00030656,0.000640984,2.40E-05,6.31E-02,,,,,,,
0.000612933,0.000640134,2.33E-05,1.28E-01,,,,,,,
0.005819296,0.000797062,2.36E-05,1.21E+00,,,,,,,
0.007612667,0.001003575,2.47E-05,1.56E+00,,,,,,,
0.001511031,0.001018951,2.40E-05,3.15E-01,,,,,,,
0.003319252,0.00108865,2.36E-05,7.01E-01,,,,,,,
-0.005112782,0.000900747,2.37E-05,-1.07E+00,,,,,,,
-0.00241838,0.000800177,2.32E-05,-5.10E-01,,,,,,,
-0.045757576,-0.000610523,8.59E-05,-4.95E+00,,,,,,,
0.009463322,-0.000305285,8.60E-05,1.02E+00,,,,,,,
-0.005599597,-0.000465703,8.43E-05,-6.10E-01,,,,,,,
-0.020563113,-0.001074654,9.46E-05,-2.13E+00,,,,,,,
-0.018087855,-0.001590154,1.02E-04,-1.82E+00,,,,,,,
0.024342105,-0.000804407,1.17E-04,2.26E+00,,,,,,,
-0.004495825,-0.000916257,1.14E-04,-4.23E-01,,,,,,,
0.010967742,-0.000556172,1.14E-04,1.03E+00,,,,,,,
0.005105297,-0.000384629,1.11E-04,4.85E-01,,,,,,,
0.002222222,-0.000305642,1.08E-04,2.14E-01,,,,,,,
-0.02565727,-0.001073796,1.25E-04,-2.31E+00,,,,,,,
0.010403121,-0.000726045,1.24E-04,9.36E-01,,,,,,,
0.006756757,-0.000499317,1.22E-04,6.13E-01,,,,,,,
0.001840844,-0.00042841,1.18E-04,1.69E-01,,,,,,,
0,-0.000415429,1.15E-04,0.00E+00,,,,,,,
0.008188976,-0.000154715,1.13E-04,7.70E-01,,,,,,,
0.017806935,0.000389523,1.19E-04,1.63E+00,,,,,,,
0,0.00037772,1.16E-04,0.00E+00,,,,,,,
0.00092081,0.000394176,1.12E-04,8.70E-02,,,,,,,
-0.002453235,0.000307899,1.09E-04,-2.35E-01,,,,,,,
-0.00430372,0.000168167,1.06E-04,-4.18E-01,,,,,,,
-0.007100957,-5.20873E-05,1.05E-04,-6.94E-01,,,,,,,
0.000310945,-4.10874E-05,1.01E-04,3.09E-02,,,,,,,
0.00447622,9.5787E-05,9.89E-05,4.50E-01,,,,,,,
0.000804605,0.000117264,9.60E-05,8.21E-02,,,,,,,
0.011131725,0.000451002,9.68E-05,1.13E+00,,,,,,,
-0.001529052,0.000391007,9.39E-05,-1.58E-01,,,,,,,
0.000918836,0.000407,9.11E-05,9.63E-02,,,,,,,
0.000305998,0.00040394,8.84E-05,3.26E-02,,,,,,,
0.002447232,0.000465851,8.59E-05,2.64E-01,,,,,,,
-0.006713457,0.000248318,8.46E-05,-7.30E-01,,,,,,,
0.007066052,0.000454896,8.36E-05,7.74E-01,,,,,,,
0.006101281,0.000625981,8.22E-05,6.75E-01,,,,,,,
0.013038205,0.001002071,8.48E-05,1.42E+00,,,,,,,
-0.00179587,0.000917294,8.24E-05,-1.99E-01,,,,,,,
-0.006296852,0.000698705,8.11E-05,-7.01E-01,,,,,,,
-0.005733253,0.000503817,7.96E-05,-6.44E-01,,,,,,,
0.012139605,0.000856381,8.17E-05,1.35E+00,,,,,,,
-0.002098951,0.000766835,7.93E-05,-2.37E-01,,,,,,,
0,0.0007436,7.69E-05,0.00E+00,,,,,,,
0.002704327,0.00080301,7.48E-05,3.14E-01,,,,,,,
0.004495055,0.000914879,7.32E-05,5.29E-01,,,,,,,
-0.005071599,0.000733488,7.17E-05,-6.01E-01,,,,,,,
-0.018170915,0.000160685,7.95E-05,-2.04E+00,,,,,,,
0.002015636,0.00021689,7.73E-05,2.29E-01,,,,,,,
0.012800975,0.000598188,7.99E-05,1.44E+00,,,,,,,
0.000601866,0.000598299,7.75E-05,6.85E-02,,,,,,,
0.006616541,0.000780652,7.65E-05,7.60E-01,,,,,,,
-0.00298775,0.000666469,7.44E-05,-3.47E-01,,,,,,,
-0.003596044,0.000537315,7.25E-05,-4.23E-01,,,,,,,
0.004210526,0.000648614,7.09E-05,5.02E-01,,,,,,,
-0.012878107,0.000238754,7.38E-05,-1.50E+00,,,,,,,
0.00940534,0.000516501,7.42E-05,1.09E+00,,,,,,,
-0.008896904,0.000231275,7.44E-05,-1.03E+00,,,,,,,
0.003517923,0.000330861,7.25E-05,4.14E-01,,,,,,,
-0.006648534,0.000119385,7.16E-05,-7.86E-01,,,,,,,
-0.007909948,-0.000123904,7.13E-05,-9.37E-01,,,,,,,
0.011652867,0.000232932,7.33E-05,1.36E+00,,,,,,,
0.012731131,0.000611628,7.60E-05,1.46E+00,,,,,,,
0.00568692,0.000765409,7.47E-05,6.61E-01,,,,,,,
-0.00327381,0.000643021,7.27E-05,-3.85E-01,,,,,,,
-0.01313825,0.000225448,7.58E-05,-1.51E+00,,,,,,,
0.007080182,0.000433147,7.50E-05,8.19E-01,,,,,,,
0.008893162,0.000689485,7.51E-05,1.03E+00,,,,,,,
0.005955926,0.000849058,7.39E-05,6.96E-01,,,,,,,
0.004618117,0.000963261,7.23E-05,5.47E-01,,,,,,,
0.007190005,0.001151931,7.17E-05,8.57E-01,,,,,,,
0.000292569,0.001125892,6.95E-05,3.54E-02,,,,,,,
-0.005849664,0.000914533,6.84E-05,-7.11E-01,,,,,,,
-0.010767873,0.000560556,6.99E-05,-1.29E+00,,,,,,,
-0.021532239,-0.000108855,8.18E-05,-2.38E+00,,,,,,,
0.014589666,0.00033651,8.58E-05,1.58E+00,,,,,,,
-0.001497903,0.000280927,8.33E-05,-1.64E-01,,,,,,,
-0.01680168,-0.000236676,8.93E-05,-1.78E+00,,,,,,,
0.014037229,0.000195823,9.26E-05,1.46E+00,,,,,,,
0.008426121,0.000445201,9.19E-05,8.80E-01,,,,,,,
0.018740674,0.000999554,9.98E-05,1.89E+00,,,,,,,
0,0.000969268,9.67E-05,0.00E+00,,,,,,,
0.002341235,0.001010838,9.40E-05,2.43E-01,,,,,,,
-0.016934307,0.0004671,9.98E-05,-1.70E+00,,,,,,,
0.006534007,0.000650928,9.81E-05,6.61E-01,,,,,,,
-0.008557096,0.000371925,9.73E-05,-8.68E-01,,,,,,,
-0.005357143,0.000198334,9.52E-05,-5.49E-01,,,,,,,
-0.007181329,-2.527E-05,9.39E-05,-7.41E-01,,,,,,,
0.019288728,0.000559944,1.02E-04,1.91E+00,,,,,,,
-0.000295683,0.000534019,9.93E-05,-2.97E-02,,,,,,,
-0.003785862,0.000403126,9.67E-05,-3.85E-01,,,,,,,
0.010331928,0.000703969,9.70E-05,1.05E+00,,,,,,,
0.004407875,0.000816197,9.46E-05,4.55E-01,,,,,,,
0.000877706,0.000818061,9.18E-05,9.19E-02,,,,,,,
0.004384683,0.00092613,8.96E-05,4.65E-01,,,,,,,
-0.00145518,0.000853976,8.69E-05,-1.57E-01,,,,,,,
-0.016030312,0.000342382,9.21E-05,-1.67E+00,,,,,,,
0.004739336,0.00047561,9.00E-05,5.00E-01,,,,,,,
0.012087264,0.000827443,9.17E-05,1.27E+00,,,,,,,
0.002039033,0.000864154,8.90E-05,2.17E-01,,,,,,,
-0.00622093,0.000649476,8.75E-05,-6.67E-01,,,,,,,
0.000117007,0.000633342,8.49E-05,1.27E-02,,,,,,,
-0.003217315,0.000516667,8.26E-05,-3.55E-01,,,,,,,
0.003051643,0.000593477,8.04E-05,3.41E-01,,,,,,,
-0.015913878,9.33042E-05,8.56E-05,-1.72E+00,,,,,,,
-0.002972652,4.05777E-07,8.33E-05,-3.26E-01,,,,,,,
-0.02444842,-0.000740394,9.89E-05,-2.47E+00,,,,,,,
-0.002750611,-0.000801303,9.61E-05,-2.82E-01,,,,,,,
-0.029114312,-0.001659187,1.19E-04,-2.70E+00,,,,,,,
-0.024305556,-0.002345372,1.33E-04,-2.15E+00,,,,,,,
0.018117114,-0.001725359,1.39E-04,1.55E+00,,,,,,,
-0.007308548,-0.00189453,1.36E-04,-6.34E-01,,,,,,,
0.000320102,-0.001827426,1.32E-04,2.82E-02,,,,,,,
0.00896,-0.001500567,1.31E-04,7.90E-01,,,,,,,
-0.035838884,-0.002541018,1.66E-04,-2.84E+00,,,,,,,
0.008223684,-0.002214848,1.63E-04,6.55E-01,,,,,,,
0.0137031,-0.001732534,1.64E-04,1.08E+00,,,,,,,
0.032185388,-0.000704821,1.90E-04,2.34E+00,,,,,,,
-0.02369816,-0.001401519,2.01E-04,-1.68E+00,,,,,,,
0.007026509,-0.00114615,1.97E-04,5.03E-01,,,,,,,
-0.007611798,-0.001342059,1.92E-04,-5.51E-01,,,,,,,
-0.016618728,-0.001804942,1.95E-04,-1.20E+00,,,,,,,
-0.014949626,-0.002203226,1.96E-04,-1.08E+00,,,,,,,
0.022104916,-0.001466689,2.05E-04,1.55E+00,,,,,,,
0.019883796,-0.00081977,2.10E-04,1.37E+00,,,,,,,
-0.000253197,-0.000802602,2.04E-04,-1.78E-02,,,,,,,
0.003039129,-0.000686198,1.98E-04,2.16E-01,,,,,,,
0.011235955,-0.000324957,1.96E-04,8.03E-01,,,,,,,
-0.012484395,-0.000693388,1.95E-04,-8.96E-01,,,,,,,
0.013527181,-0.000262504,1.94E-04,9.70E-01,,,,,,,
-0.014219783,-0.00068541,1.95E-04,-1.02E+00,,,,,,,
-0.025686448,-0.001442941,2.09E-04,-1.79E+00,,,,,,,
0.025194805,-0.000635818,2.22E-04,1.69E+00,,,,,,,
-0.006080568,-0.000800794,2.16E-04,-4.14E-01,,,,,,,
0.013000255,-0.000382622,2.15E-04,8.88E-01,,,,,,,
0,-0.000371028,2.08E-04,0.00E+00,,,,,,,
0.00805234,-0.0001158,2.04E-04,5.64E-01,,,,,,,
-0.008112831,-0.00035811,2.00E-04,-5.74E-01,,,,,,,
-0.00138417,-0.0003892,1.94E-04,-9.95E-02,,,,,,,
-0.016759073,-0.000885207,1.96E-04,-1.20E+00,,,,,,,
-0.012815584,-0.001246698,1.95E-04,-9.21E-01,,,,,,,
0.017006361,-0.00069363,1.98E-04,1.21E+00,,,,,,,
-0.006510084,-0.000869868,1.93E-04,-4.69E-01,,,,,,,
0.001670307,-0.000792901,1.88E-04,1.22E-01,,,,,,,
0.005387378,-0.000605639,1.83E-04,3.99E-01,,,,,,,
-0.010844603,-0.000915879,1.81E-04,-8.08E-01,,,,,,,
0.043338063,0.000425015,2.32E-04,2.84E+00,,,,,,,
0.01322784,0.000812941,2.31E-04,8.72E-01,,,,,,,
-0.010736945,0.000462979,2.27E-04,-7.13E-01,,,,,,,
0.007412432,0.000673548,2.22E-04,4.98E-01,,,,,,,
0,0.000653139,2.15E-04,0.00E+00,,,,,,,
-0.004066042,0.000510148,2.09E-04,-2.81E-01,,,,,,,
0.007546703,0.000723356,2.05E-04,5.28E-01,,,,,,,
0.005279961,0.000861421,1.99E-04,3.75E-01,,,,,,,
-0.006717968,0.000631765,1.94E-04,-4.82E-01,,,,,,,
0.020413182,0.001231142,2.01E-04,1.44E+00,,,,,,,
0.00626657,0.001383716,1.96E-04,4.49E-01,,,,,,,
-0.003113772,0.001247442,1.91E-04,-2.26E-01,,,,,,,
0.001681884,0.001260605,1.85E-04,1.24E-01,,,,,,,
0.019668985,0.001818379,1.91E-04,1.44E+00,,,,,,,
-0.006821924,0.001556578,1.87E-04,-5.03E-01,,,,,,,
0.008526765,0.001767775,1.83E-04,6.35E-01,,,,,,,
-0.001526538,0.001667957,1.78E-04,-1.15E-01,,,,,,,
-0.011525344,0.0012682,1.76E-04,-8.72E-01,,,,,,,
0.007495538,0.001456888,1.73E-04,5.74E-01,,,,,,,
-0.010982522,0.001079974,1.71E-04,-8.42E-01,,,,,,,
-0.01158209,0.000696314,1.70E-04,-8.89E-01,,,,,,,
0.003140855,0.000770383,1.65E-04,2.45E-01,,,,,,,
-0.002288054,0.000677713,1.60E-04,-1.81E-01,,,,,,,
-0.036572118,-0.000450957,1.96E-04,-2.61E+00,,,,,,,
0.020796793,0.00019285,2.03E-04,1.46E+00,,,,,,,
0.006995582,0.000398972,1.99E-04,4.97E-01,,,,,,,
-0.006459476,0.000191161,1.94E-04,-4.64E-01,,,,,,,
-0.002085378,0.000122182,1.88E-04,-1.52E-01,,,,,,,
0.016226183,0.000610133,1.90E-04,1.18E+00,,,,,,,
-0.000604814,0.000573321,1.85E-04,-4.46E-02,,,,,,,
-0.009077705,0.000280894,1.81E-04,-6.74E-01,,,,,,,
0.016611701,0.000775718,1.84E-04,1.23E+00,,,,,,,
-0.042532741,-0.000536528,2.34E-04,-2.78E+00,,,,,,,
0.004768478,-0.000375787,2.27E-04,3.16E-01,,,,,,,
-0.012364181,-0.000739035,2.25E-04,-8.25E-01,,,,,,,
0.018715225,-0.000149571,2.29E-04,1.24E+00,,,,,,,
-0.031281033,-0.001092854,2.51E-04,-1.98E+00,,,,,,,
0.002050231,-0.000997619,2.44E-04,1.32E-01,,,,,,,
-0.010997442,-0.001300613,2.40E-04,-7.12E-01,,,,,,,
-0.010343936,-0.001574626,2.36E-04,-6.77E-01,,,,,,,
0.031486804,-0.000572865,2.59E-04,1.96E+00,,,,,,,
-0.005066498,-0.000709022,2.52E-04,-3.19E-01,,,,,,,
-0.015658816,-0.001162001,2.52E-04,-9.89E-01,,,,,,,
-0.008406622,-0.001381513,2.46E-04,-5.38E-01,,,,,,,
-0.020999087,-0.001975925,2.52E-04,-1.33E+00,,,,,,,
0.004662936,-0.001774768,2.45E-04,3.00E-01,,,,,,,
-0.02002387,-0.002327715,2.50E-04,-1.28E+00,,,,,,,
0,-0.002257186,2.42E-04,0.00E+00,,,,,,,
0.02165088,-0.001532771,2.49E-04,1.38E+00,,,,,,,
-0.028476821,-0.002349176,2.66E-04,-1.76E+00,,,,,,,
0.013769598,-0.001860777,2.64E-04,8.53E-01,,,,,,,
0.037654653,-0.00066346,2.99E-04,2.18E+00,,,,,,,
-0.007905651,-0.000882898,2.92E-04,-4.63E-01,,,,,,,
0.005094709,-0.000701776,2.84E-04,3.03E-01,,,,,,,
-0.011827398,-0.001038883,2.79E-04,-7.09E-01,,,,,,,
-0.009075365,-0.001282388,2.73E-04,-5.51E-01,,,,,,,
0.018582426,-0.000680484,2.76E-04,1.12E+00,,,,,,,
0.023846755,6.2691E-05,2.84E-04,1.41E+00,,,,,,,
0.001654576,0.000110925,2.76E-04,9.96E-02,,,,,,,
0.009656925,0.000400169,2.70E-04,5.88E-01,,,,,,,
-0.03649635,-0.000717796,3.03E-04,-2.10E+00,,,,,,,
0.008881923,-0.000426924,2.96E-04,5.17E-01,,,,,,,
-0.006991196,-0.000625822,2.88E-04,-4.12E-01,,,,,,,
-0.01916558,-0.001187576,2.91E-04,-1.13E+00,,,,,,,
-0.014754752,-0.001598662,2.88E-04,-8.73E-01,,,,,,,
0.017808958,-0.001010611,2.89E-04,1.05E+00,,,,,,,
0.005965005,-0.00079925,2.82E-04,3.56E-01,,,,,,,
0.016734748,-0.00026797,2.82E-04,9.97E-01,,,,,,,
0,-0.00025985,2.73E-04,0.00E+00,,,,,,,
0.006818182,-4.53857E-05,2.66E-04,4.18E-01,,,,,,,
0.005016303,0.000107983,2.59E-04,3.12E-01,,,,,,,
-0.026204143,-0.000689274,2.72E-04,-1.59E+00,,,,,,,
-0.009097899,-0.000944055,2.66E-04,-5.59E-01,,,,,,,
-0.001422475,-0.000958551,2.58E-04,-8.87E-02,,,,,,,
-0.017741518,-0.001467075,2.60E-04,-1.11E+00,,,,,,,
-0.010151615,-0.001730217,2.55E-04,-6.39E-01,,,,,,,
-0.031433138,-0.002630215,2.77E-04,-1.91E+00,,,,,,,
-0.000550055,-0.002567186,2.69E-04,-3.40E-02,,,,,,,
-0.028481013,-0.003352375,2.85E-04,-1.72E+00,,,,,,,
0.009488741,-0.00296329,2.79E-04,5.77E-01,,,,,,,
0.012205387,-0.002503679,2.75E-04,7.44E-01,,,,,,,
-0.018572419,-0.002990561,2.78E-04,-1.13E+00,,,,,,,
0.006496258,-0.002703111,2.70E-04,4.00E-01,,,,,,,
-0.01599551,-0.003105871,2.70E-04,-9.91E-01,,,,,,,
-0.000712962,-0.003033365,2.62E-04,-4.49E-02,,,,,,,
-0.023972603,-0.003667824,2.71E-04,-1.49E+00,,,,,,,
-0.013888889,-0.003977523,2.69E-04,-8.73E-01,,,,,,,
-0.044329133,-0.005200176,3.20E-04,-2.59E+00,,,,,,,
0.041731306,-0.003778152,3.63E-04,2.23E+00,,,,,,,
0.034400596,-0.002621336,3.88E-04,1.76E+00,,,,,,,
-0.002159516,-0.002607343,3.77E-04,-1.12E-01,,,,,,,
-0.006204011,-0.002716322,3.66E-04,-3.27E-01,,,,,,,
0.021777003,-0.001974174,3.70E-04,1.14E+00,,,,,,,
0.004120489,-0.001789506,3.59E-04,2.18E-01,,,,,,,
-0.020800906,-0.002365552,3.61E-04,-1.10E+00,,,,,,,
0.033236994,-0.001286794,3.84E-04,1.70E+00,,,,,,,
0.023636364,-0.000531623,3.89E-04,1.20E+00,,,,,,,
-0.014072961,-0.000941925,3.83E-04,-7.20E-01,,,,,,,
-0.020509978,-0.001534837,3.84E-04,-1.05E+00,,,,,,,
-0.014148274,-0.001917024,3.79E-04,-7.31E-01,,,,,,,
0.013633754,-0.001445836,3.73E-04,7.08E-01,,,,,,,
-0.010477134,-0.001719484,3.65E-04,-5.51E-01,,,,,,,
0.000572328,-0.001650042,3.54E-04,3.05E-02,,,,,,,
0.011440011,-0.001253414,3.47E-04,6.15E-01,,,,,,,
0.01922805,-0.000632825,3.48E-04,1.03E+00,,,,,,,
-0.021084755,-0.001252519,3.51E-04,-1.13E+00,,,,,,,
-0.006234944,-0.001403486,3.41E-04,-3.38E-01,,,,,,,
0,-0.001360961,3.31E-04,0.00E+00,,,,,,,
0.007272209,-0.001099376,3.23E-04,4.06E-01,,,,,,,
0.007502831,-0.000838729,3.14E-04,4.24E-01,,,,,,,
-0.019811718,-0.00141361,3.17E-04,-1.12E+00,,,,,,,
-0.003870413,-0.001488051,3.08E-04,-2.21E-01,,,,,,,
0.022593179,-0.00075839,3.14E-04,1.28E+00,,,,,,,
0.008725021,-0.000471043,3.07E-04,4.98E-01,,,,,,,
-0.000558036,-0.000473679,2.97E-04,-3.24E-02,,,,,,,
-0.0180067,-0.001004929,2.98E-04,-1.04E+00,,,,,,,
-0.023738451,-0.001693755,3.06E-04,-1.36E+00,,,,,,,
-0.004222481,-0.001770375,2.97E-04,-2.46E-01,,,,,,,
-0.005848808,-0.001893952,2.89E-04,-3.46E-01,,,,,,,
0.008824827,-0.001569173,2.83E-04,5.27E-01,,,,,,,
-0.034553142,-0.002568587,3.11E-04,-1.98E+00,,,,,,,
-0.002416188,-0.002563969,3.01E-04,-1.41E-01,,,,,,,
-0.020435967,-0.003105491,3.05E-04,-1.19E+00,,,,,,,
0.042033689,-0.001737774,3.49E-04,2.26E+00,,,,,,,
-0.010232834,-0.001995174,3.42E-04,-5.57E-01,,,,,,,
0.016931375,-0.0014217,3.40E-04,9.21E-01,,,,,,,
-0.021069692,-0.002017034,3.43E-04,-1.14E+00,,,,,,,
-0.018061409,-0.002503178,3.43E-04,-9.85E-01,,,,,,,
0.046137339,-0.001029371,3.97E-04,2.32E+00,,,,,,,
-0.026520147,-0.001801741,4.06E-04,-1.32E+00,,,,,,,
0.018242123,-0.001194412,4.04E-04,9.09E-01,,,,,,,
0.038495706,8.19843E-06,4.37E-04,1.84E+00,,,,,,,
0.003992016,0.000128908,4.24E-04,1.94E-01,,,,,,,
-0.008378302,-0.00012886,4.13E-04,-4.12E-01,,,,,,,
-0.008019476,-0.000367946,4.03E-04,-4.00E-01,,,,,,,
-0.012415187,-0.000732977,3.95E-04,-6.25E-01,,,,,,,
0.00862447,-0.000449447,3.85E-04,4.39E-01,,,,,,,
0.028550725,0.000429258,3.98E-04,1.43E+00,,,,,,,
0.003522615,0.000522987,3.87E-04,1.79E-01,,,,,,,
0.00435271,0.000639028,3.76E-04,2.25E-01,,,,,,,
-0.001957221,0.000560361,3.64E-04,-1.03E-01,,,,,,,
-0.003501891,0.000437275,3.54E-04,-1.86E-01,,,,,,,
0.003233062,0.000521988,3.43E-04,1.75E-01,,,,,,,
-0.018635281,-5.84777E-05,3.43E-04,-1.01E+00,,,,,,,
0.01027984,0.000254773,3.36E-04,5.61E-01,,,,,,,
-0.027133974,-0.000575106,3.48E-04,-1.45E+00,,,,,,,
-0.00232423,-0.000628104,3.38E-04,-1.27E-01,,,,,,,
0.007425743,-0.000384073,3.29E-04,4.09E-01,,,,,,,
0.031796502,0.000590999,3.50E-04,1.70E+00,,,,,,,
-0.005603026,0.00040332,3.40E-04,-3.04E-01,,,,,,,
0.010987463,0.000724019,3.34E-04,6.02E-01,,,,,,,
-0.001254006,0.000664085,3.24E-04,-6.98E-02,,,,,,,
-0.014508929,0.000204343,3.20E-04,-8.11E-01,,,,,,,
-0.00099094,0.000168126,3.10E-04,-5.62E-02,,,,,,,
0.010769449,0.000489346,3.05E-04,6.17E-01,,,,,,,
0.009673349,0.000767621,2.98E-04,5.61E-01,,,,,,,
0.007636768,0.000975756,2.91E-04,4.48E-01,,,,,,,
-0.008681273,0.000683148,2.84E-04,-5.15E-01,,,,,,,
-0.00264109,0.000582424,2.76E-04,-1.59E-01,,,,,,,
0.016585366,0.001067313,2.76E-04,1.00E+00,,,,,,,
-0.002467782,0.0009602,2.68E-04,-1.51E-01,,,,,,,
-0.005085212,0.000777024,2.60E-04,-3.15E-01,,,,,,,
0.008426578,0.001008805,2.55E-04,5.29E-01,,,,,,,
-0.016712329,0.000471855,2.55E-04,-1.05E+00,,,,,,,
-0.002646977,0.000377354,2.48E-04,-1.68E-01,,,,,,,
0.004469898,0.000501358,2.41E-04,2.88E-01,,,,,,,
0.018773467,0.001055003,2.44E-04,1.20E+00,,,,,,,
0.005733006,0.001196747,2.38E-04,3.73E-01,,,,,,,
-0.002171553,0.001094687,2.31E-04,-1.43E-01,,,,,,,
0.010337323,0.001374739,2.27E-04,6.89E-01,,,,,,,
-0.002557889,0.00125558,2.20E-04,-1.73E-01,,,,,,,
0,0.001217536,2.14E-04,0.00E+00,,,,,,,
-0.003509246,0.001074315,2.08E-04,-2.44E-01,,,,,,,
-0.01205472,0.000676505,2.06E-04,-8.41E-01,,,,,,,
0.003564574,0.000764014,2.00E-04,2.52E-01,,,,,,,
-0.01215847,0.000372462,1.98E-04,-8.64E-01,,,,,,,
0,0.000361177,1.92E-04,0.00E+00,,,,,,,
0.014659107,0.000794404,1.93E-04,1.06E+00,,,,,,,
0.006542183,0.000968562,1.88E-04,4.78E-01,,,,,,,
0.008666215,0.001201801,1.85E-04,6.40E-01,,,,,,,
0.005101356,0.001319957,1.80E-04,3.82E-01,,,,,,,
-0.010284493,0.000968342,1.78E-04,-7.73E-01,,,,,,,
-0.002294197,0.000869487,1.73E-04,-1.75E-01,,,,,,,
0.004869471,0.000990687,1.68E-04,3.77E-01,,,,,,,
0.02880603,0.001833492,1.88E-04,2.12E+00,,,,,,,
-0.031924637,0.00081062,2.13E-04,-2.19E+00,,,,,,,
-0.004865522,0.000638633,2.08E-04,-3.38E-01,,,,,,,
-0.008284667,0.000368257,2.03E-04,-5.81E-01,,,,,,,
-0.016570803,-0.000144996,2.06E-04,-1.16E+00,,,,,,,
0.005152486,1.55176E-05,2.00E-04,3.64E-01,,,,,,,
0.016902189,0.000527184,2.03E-04,1.19E+00,,,,,,,
0.00640327,0.000705229,1.98E-04,4.56E-01,,,,,,,
-0.001218357,0.000646944,1.92E-04,-8.80E-02,,,,,,,
-0.008267823,0.000376827,1.88E-04,-6.03E-01,,,,,,,
0.007926746,0.00060559,1.84E-04,5.84E-01,,,,,,,
-0.004216949,0.000459467,1.79E-04,-3.15E-01,,,,,,,
-0.011850627,8.64708E-05,1.78E-04,-8.88E-01,,,,,,,
-0.014642309,-0.000359811,1.79E-04,-1.09E+00,,,,,,,
0.010897254,-1.87222E-05,1.77E-04,8.18E-01,,,,,,,
-0.024779504,-0.000768974,1.91E-04,-1.80E+00,,,,,,,
0.003301751,-0.000645631,1.85E-04,2.43E-01,,,,,,,
-0.010301903,-0.000938216,1.83E-04,-7.64E-01,,,,,,,
-0.002313142,-0.000979876,1.77E-04,-1.74E-01,,,,,,,
-0.02927112,-0.001837101,1.98E-04,-2.10E+00,,,,,,,
-0.008807285,-0.002048297,1.94E-04,-6.39E-01,,,,,,,
0,-0.001986234,1.88E-04,0.00E+00,,,,,,,
-0.010843373,-0.002254605,1.86E-04,-8.05E-01,,,,,,,
0.039738124,-0.000982226,2.29E-04,2.63E+00,,,,,,,
-0.027676087,-0.00179105,2.45E-04,-1.78E+00,,,,,,,
0.010542169,-0.001417353,2.41E-04,6.82E-01,,,,,,,
0.003874814,-0.001257,2.34E-04,2.54E-01,,,,,,,
-0.016330166,-0.001713717,2.35E-04,-1.07E+00,,,,,,,
-0.004527618,-0.001798979,2.28E-04,-3.02E-01,,,,,,,
0.038204973,-0.000586859,2.66E-04,2.35E+00,,,,,,,
0.011390187,-0.000223954,2.62E-04,7.04E-01,,,,,,,
-0.002743286,-0.00030029,2.54E-04,-1.72E-01,,,,,,,
0.012595917,9.04649E-05,2.51E-04,7.95E-01,,,,,,,
0.025307406,0.000854538,2.63E-04,1.56E+00,,,,,,,
0.005717473,0.001001885,2.56E-04,3.58E-01,,,,,,,
-0.02260122,0.000286711,2.64E-04,-1.39E+00,,,,,,,
0.004965243,0.000428471,2.56E-04,3.10E-01,,,,,,,
-0.016233766,-7.63952E-05,2.57E-04,-1.01E+00,,,,,,,
0.023963266,0.000652007,2.66E-04,1.47E+00,,,,,,,
0.00588565,0.000810586,2.59E-04,3.66E-01,,,,,,,
-0.003204235,0.000688937,2.52E-04,-2.02E-01,,,,,,,
0.002375961,0.000740054,2.44E-04,1.52E-01,,,,,,,
-0.018404908,0.000159961,2.47E-04,-1.17E+00,,,,,,,
0.024147727,0.000886791,2.57E-04,1.51E+00,,,,,,,
0.005825243,0.001036426,2.50E-04,3.69E-01,,,,,,,
-0.013237728,0.000603919,2.48E-04,-8.41E-01,,,,,,,
0.02235886,0.001263094,2.56E-04,1.40E+00,,,,,,,
0.025697102,0.002003444,2.68E-04,1.58E+00,,,,,,,
-0.004530917,0.001805453,2.61E-04,-2.82E-01,,,,,,,
0.000267738,0.00175886,2.53E-04,1.69E-02,,,,,,,
0.010438972,0.002021868,2.48E-04,6.68E-01,,,,,,,
-0.000397351,0.001948565,2.41E-04,-2.58E-02,,,,,,,
-0.014442825,0.001451906,2.40E-04,-9.37E-01,,,,,,,
-0.01815004,0.000857967,2.43E-04,-1.17E+00,,,,,,,
0.00191702,0.000890056,2.35E-04,1.25E-01,,,,,,,
-0.012436791,0.000486253,2.33E-04,-8.15E-01,,,,,,,
0.021311929,0.001117271,2.40E-04,1.38E+00,,,,,,,
-0.022086721,0.00041419,2.47E-04,-1.41E+00,,,,,,,
0.003048358,0.000494005,2.40E-04,1.97E-01,,,,,,,
0.010222406,0.000788776,2.36E-04,6.67E-01,,,,,,,
0.018733762,0.001332509,2.39E-04,1.22E+00,,,,,,,
-0.006845638,0.001084711,2.33E-04,-4.49E-01,,,,,,,
0,0.001051844,2.26E-04,0.00E+00,,,,,,,
-0.001486687,0.000974927,2.20E-04,-1.01E-01,,,,,,,
0.004195994,0.001072525,2.13E-04,2.88E-01,,,,,,,
-0.02992317,0.000133356,2.34E-04,-1.96E+00,,,,,,,
-0.001667361,7.87939E-05,2.27E-04,-1.11E-01,,,,,,,
0.021990257,0.000742711,2.35E-04,1.44E+00,,,,,,,
-0.03404603,-0.000311388,2.63E-04,-2.10E+00,,,,,,,
0.010573805,1.84337E-05,2.58E-04,6.58E-01,,,,,,,
0.004882813,0.000165824,2.51E-04,3.08E-01,,,,,,,
0.005553242,0.000329063,2.45E-04,3.55E-01,,,,,,,
-0.044456717,-0.001027946,2.97E-04,-2.58E+00,,,,,,,
0.031498338,-4.23996E-05,3.18E-04,1.77E+00,,,,,,,
-0.046084886,-0.001437487,3.73E-04,-2.39E+00,,,,,,,
0.053597651,0.000230078,4.49E-04,2.53E+00,,,,,,,
0,0.000223106,4.35E-04,0.00E+00,,,,,,,
0,0.000216346,4.22E-04,0.00E+00,,,,,,,
-0.020720345,-0.000418035,4.22E-04,-1.01E+00,,,,,,,
-0.00667424,-0.000607598,4.11E-04,-3.30E-01,,,,,,,
0.005432452,-0.000424585,3.99E-04,2.72E-01,,,,,,,
0.000710934,-0.000390179,3.87E-04,3.61E-02,,,,,,,
-0.076300085,-0.002690249,5.52E-04,-3.27E+00,,,,,,,
0.043531764,-0.001289722,5.92E-04,1.79E+00,,,,,,,
-0.005601415,-0.001420366,5.75E-04,-2.34E-01,,,,,,,
-0.050252001,-0.002899965,6.34E-04,-2.01E+00,,,,,,,
-0.037927267,-0.003961292,6.59E-04,-1.50E+00,,,,,,,
-0.03780013,-0.004986609,6.82E-04,-1.47E+00,,,,,,,
-0.062721295,-0.00673597,7.81E-04,-2.31E+00,,,,,,,
-0.027343047,-0.007360364,7.80E-04,-1.02E+00,,,,,,,
-0.097466247,-0.010090572,1.04E-03,-3.18E+00,,,,,,,
0.067827869,-0.007729644,1.15E-03,2.05E+00,,,,,,,
0.097102284,-0.004553236,1.40E-03,2.61E+00,,,,,,,
-0.023613783,-0.005130771,1.38E-03,-6.43E-01,,,,,,,
-0.110175564,-0.008313628,1.70E-03,-2.73E+00,,,,,,,
0.070666398,-0.005920533,1.80E-03,1.68E+00,,,,,,,
-0.026513727,-0.006544507,1.77E-03,-6.38E-01,,,,,,,
0.059300753,-0.004549396,1.82E-03,1.40E+00,,,,,,,
-0.026075857,-0.005201647,1.79E-03,-6.21E-01,,,,,,,
-0.054858641,-0.006706254,1.82E-03,-1.30E+00,,,,,,,
-0.03526149,-0.007571478,1.81E-03,-8.43E-01,,,,,,,
-0.052772074,-0.008941056,1.84E-03,-1.26E+00,,,,,,,
-0.045957078,-0.010062642,1.85E-03,-1.10E+00,,,,,,,
0.099977278,-0.006728432,2.09E-03,2.21E+00,,,,,,,
0.003924809,-0.006405639,2.03E-03,8.80E-02,,,,,,,
0.062757202,-0.004310005,2.09E-03,1.38E+00,,,,,,,
0.038722168,-0.00300613,2.07E-03,8.53E-01,,,,,,,
0.008014911,-0.002672192,2.01E-03,1.79E-01,,,,,,,
0.004068047,-0.002467963,1.95E-03,9.23E-02,,,,,,,
-0.050276243,-0.003916554,1.97E-03,-1.14E+00,,,,,,,
-0.036843126,-0.004914229,1.95E-03,-8.40E-01,,,,,,,
0.026978055,-0.003947893,1.91E-03,6.20E-01,,,,,,,
-0.028817879,-0.004701453,1.88E-03,-6.69E-01,,,,,,,
-0.030278563,-0.00547644,1.85E-03,-7.10E-01,,,,,,,
-0.060782681,-0.007152219,1.90E-03,-1.41E+00,,,,,,,
0.083554965,-0.004403791,2.06E-03,1.85E+00,,,,,,,
-0.084270812,-0.006823762,2.21E-03,-1.81E+00,,,,,,,
0.004020549,-0.006495179,2.14E-03,8.77E-02,,,,,,,
0.010233593,-0.005988298,2.08E-03,2.26E-01,,,,,,,
-0.090288483,-0.008542593,2.27E-03,-1.93E+00,,,,,,,
-0.074558218,-0.010542867,2.37E-03,-1.57E+00,,,,,,,
0.049437614,-0.008725458,2.37E-03,1.03E+00,,,,,,,
0.079262213,-0.006059432,2.49E-03,1.60E+00,,,,,,,
0.009699769,-0.005581928,2.41E-03,1.99E-01,,,,,,,
0.064958829,-0.003444543,2.47E-03,1.31E+00,,,,,,,
0,-0.003340173,2.39E-03,0.00E+00,,,,,,,
0.015249141,-0.002776917,2.33E-03,3.16E-01,,,,,,,
-0.115295113,-0.006186218,2.66E-03,-2.25E+00,,,,,,,
0.054280249,-0.004354084,2.67E-03,1.05E+00,,,,,,,
0.027670674,-0.003383734,2.61E-03,5.43E-01,,,,,,,
-0.025601412,-0.00405693,2.55E-03,-5.08E-01,,,,,,,
0.034654587,-0.002883971,2.51E-03,6.93E-01,,,,,,,
0.051882662,-0.001224542,2.52E-03,1.03E+00,,,,,,,
-0.025182102,-0.001950456,2.46E-03,-5.08E-01,,,,,,,
0.01558497,-0.001419133,2.39E-03,3.19E-01,,,,,,,
-0.051923481,-0.002949414,2.40E-03,-1.06E+00,,,,,,,
0.04789357,-0.001408872,2.40E-03,9.78E-01,,,,,,,
-0.031527719,-0.002321473,2.36E-03,-6.50E-01,,,,,,,
0.053528512,-0.000629218,2.37E-03,1.10E+00,,,,,,,
0.007051016,-0.000396507,2.30E-03,1.47E-01,,,,,,,
0.002265239,-0.000315856,2.23E-03,4.79E-02,,,,,,,
0.011300596,3.6122E-05,2.17E-03,2.43E-01,,,,,,,
-0.014256198,-0.000396935,2.11E-03,-3.10E-01,,,,,,,
-0.026199958,-0.001178767,2.07E-03,-5.77E-01,,,,,,,
0.013775291,-0.000725659,2.01E-03,3.07E-01,,,,,,,
0.006157113,-0.000517111,1.95E-03,1.39E-01,,,,,,,
-0.011394809,-0.000846705,1.89E-03,-2.62E-01,,,,,,,
0.032230523,0.000155535,1.87E-03,7.46E-01,,,,,,,
0.029569892,0.00104679,1.84E-03,6.90E-01,,,,,,,
0.004619401,0.00115504,1.78E-03,1.09E-01,,,,,,,
0.006797281,0.001326,1.73E-03,1.63E-01,,,,,,,
0.01370135,0.001700973,1.68E-03,3.34E-01,,,,,,,
-0.026640548,0.000842225,1.65E-03,-6.55E-01,,,,,,,
0.005634937,0.000987444,1.60E-03,1.41E-01,,,,,,,
-0.046227737,-0.000443176,1.62E-03,-1.15E+00,,,,,,,
-0.020562316,-0.001052786,1.58E-03,-5.17E-01,,,,,,,
0.012210797,-0.000650899,1.54E-03,3.11E-01,,,,,,,
-0.042539683,-0.001920129,1.55E-03,-1.08E+00,,,,,,,
0.016578249,-0.001359629,1.51E-03,4.27E-01,,,,,,,
0.008045227,-0.001074661,1.47E-03,2.10E-01,,,,,,,
0,-0.001042099,1.42E-03,0.00E+00,,,,,,,
-0.06686799,-0.003036624,1.51E-03,-1.72E+00,,,,,,,
0.04877485,-0.001466736,1.54E-03,1.24E+00,,,,,,,
-0.021379766,-0.002070101,1.51E-03,-5.51E-01,,,,,,,
-0.01036036,-0.002321296,1.47E-03,-2.71E-01,,,,,,,
0.015248066,-0.001788944,1.43E-03,4.04E-01,,,,,,,
0.011208249,-0.001395129,1.39E-03,3.01E-01,,,,,,,
0.046996231,7.11291E-05,1.41E-03,1.25E+00,,,,,,,
-0.037264451,-0.001060139,1.41E-03,-9.92E-01,,,,,,,
-0.026610952,-0.001834329,1.39E-03,-7.14E-01,,,,,,,
0.011070944,-0.001443299,1.35E-03,3.01E-01,,,,,,,
0.003575419,-0.001291232,1.31E-03,9.88E-02,,,,,,,
0,-0.001252107,1.27E-03,0.00E+00,,,,,,,
0.004230684,-0.001085979,1.23E-03,1.20E-01,,,,,,,
0.041019956,0.000189831,1.25E-03,1.16E+00,,,,,,,
-0.006176784,-3.0774E-06,1.21E-03,-1.77E-01,,,,,,,
-0.043291899,-0.001314729,1.23E-03,-1.23E+00,,,,,,,
0.002016129,-0.001213804,1.19E-03,5.84E-02,,,,,,,
0.01363738,-0.000763813,1.16E-03,4.00E-01,,,,,,,
-0.021393913,-0.001388905,1.14E-03,-6.33E-01,,,,,,,
0,-0.001346821,1.11E-03,0.00E+00,,,,,,,
-0.038990309,-0.002487419,1.12E-03,-1.17E+00,,,,,,,
-0.015478424,-0.002881046,1.09E-03,-4.70E-01,,,,,,,
-0.007384469,-0.0030175,1.06E-03,-2.28E-01,,,,,,,
-0.01799856,-0.003471426,1.04E-03,-5.61E-01,,,,,,,
-0.02688172,-0.004180758,1.03E-03,-8.45E-01,,,,,,,
0.02812657,-0.003201846,1.02E-03,8.84E-01,,,,,,,
-0.028089888,-0.003955954,1.02E-03,-8.88E-01,,,,,,,
-0.010052777,-0.004140687,9.88E-04,-3.23E-01,,,,,,,
-0.013709063,-0.004430609,9.64E-04,-4.46E-01,,,,,,,
-0.046846847,-0.005715821,1.00E-03,-1.51E+00,,,,,,,
-0.034836619,-0.006598181,1.01E-03,-1.12E+00,,,,,,,
0.026580862,-0.005592856,9.99E-04,8.55E-01,,,,,,,
-0.040883074,-0.00666215,1.02E-03,-1.31E+00,,,,,,,
0.007388463,-0.006236416,9.90E-04,2.40E-01,,,,,,,
-0.027926657,-0.006893631,9.83E-04,-9.13E-01,,,,,,,
0.059779454,-0.004873436,1.06E-03,1.86E+00,,,,,,,
-0.00109529,-0.004758958,1.03E-03,-3.45E-02,,,,,,,
0.07127193,-0.002455222,1.15E-03,2.10E+00,,,,,,,
0.008188332,-0.002132723,1.12E-03,2.45E-01,,,,,,,
-0.013705584,-0.00248338,1.09E-03,-4.16E-01,,,,,,,
0.043746783,-0.001082606,1.12E-03,1.31E+00,,,,,,,
0.033037475,-4.8768E-05,1.12E-03,9.89E-01,,,,,,,
-0.011694511,-0.000401634,1.09E-03,-3.55E-01,,,,,,,
0.006471867,-0.000193367,1.05E-03,1.99E-01,,,,,,,
0.081529945,0.002282849,1.22E-03,2.34E+00,,,,,,,
-0.031875291,0.001247858,1.22E-03,-9.14E-01,,,,,,,
0.018985821,0.001785318,1.19E-03,5.51E-01,,,,,,,
-0.02941842,0.000839845,1.18E-03,-8.56E-01,,,,,,,
-0.032874796,-0.000181709,1.18E-03,-9.58E-01,,,,,,,
0.015670203,0.000298604,1.15E-03,4.62E-01,,,,,,,
0.01281747,0.000677926,1.12E-03,3.83E-01,,,,,,,
0.055073822,0.002326121,1.18E-03,1.61E+00,,,,,,,
0.013771657,0.002672921,1.15E-03,4.08E-01,,,,,,,
-0.022129711,0.001921401,1.13E-03,-6.60E-01,,,,,,,
-0.032265292,0.000885545,1.13E-03,-9.62E-01,,,,,,,
0.015744385,0.001335767,1.10E-03,4.75E-01,,,,,,,
0.060861637,0.003139401,1.18E-03,1.78E+00,,,,,,,
-0.003652772,0.002933598,1.14E-03,-1.08E-01,,,,,,,
-0.022212637,0.002171667,1.12E-03,-6.64E-01,,,,,,,
0.010586678,0.002426642,1.09E-03,3.21E-01,,,,,,,
0.027717154,0.003192945,1.08E-03,8.46E-01,,,,,,,
0.011679762,0.003450095,1.05E-03,3.62E-01,,,,,,,
-0.04534005,0.001971754,1.08E-03,-1.38E+00,,,,,,,
0.028144239,0.00276478,1.08E-03,8.61E-01,,,,,,,
-0.00427716,0.002551409,1.04E-03,-1.33E-01,,,,,,,
0.000429553,0.002487117,1.01E-03,1.35E-02,,,,,,,
0.026191498,0.00320536,1.00E-03,8.32E-01,,,,,,,
-0.015062762,0.002651836,9.78E-04,-4.83E-01,,,,,,,
0.000212404,0.002577921,9.49E-04,6.92E-03,,,,,,,
0.038012317,0.003651583,9.64E-04,1.23E+00,,,,,,,
-0.004296236,0.003410764,9.35E-04,-1.41E-01,,,,,,,
-0.001643723,0.003257613,9.07E-04,-5.49E-02,,,,,,,
0.036838856,0.004275125,9.21E-04,1.23E+00,,,,,,,
-0.001786423,0.00409146,8.93E-04,-6.04E-02,,,,,,,
0.00357924,0.00407594,8.66E-04,1.23E-01,,,,,,,
-0.021596988,0.00329805,8.54E-04,-7.44E-01,,,,,,,
0.029566626,0.004093988,8.55E-04,1.02E+00,,,,,,,
-0.011605035,0.003618308,8.33E-04,-4.05E-01,,,,,,,
-0.013202641,0.003108633,8.13E-04,-4.66E-01,,,,,,,
-0.045205757,0.001644707,8.50E-04,-1.55E+00,,,,,,,
0.009290541,0.001876376,8.27E-04,3.24E-01,,,,,,,
-0.004419192,0.00168562,8.03E-04,-1.56E-01,,,,,,,
0.035087719,0.002697704,8.16E-04,1.23E+00,,,,,,,
-0.001633653,0.002566463,7.91E-04,-5.83E-02,,,,,,,
-0.00756801,0.002259389,7.69E-04,-2.74E-01,,,,,,,
-0.012502562,0.001812102,7.50E-04,-4.57E-01,,,,,,,
0,0.001757195,7.27E-04,0.00E+00,,,,,,,
0.046894804,0.003124865,7.72E-04,1.70E+00,,,,,,,
-0.017150928,0.002510508,7.58E-04,-6.26E-01,,,,,,,
0.00061589,0.002453101,7.35E-04,2.28E-02,,,,,,,
0.023184243,0.003081255,7.29E-04,8.65E-01,,,,,,,
0.03251546,0.003973111,7.39E-04,1.21E+00,,,,,,,
0.016702272,0.004358805,7.25E-04,6.29E-01,,,,,,,
-0.003629417,0.004116762,7.03E-04,-1.39E-01,,,,,,,
0.012078221,0.004357994,6.86E-04,4.68E-01,,,,,,,
-0.000188466,0.004220236,6.65E-04,-7.41E-03,,,,,,,
-0.009990575,0.003789649,6.48E-04,-3.97E-01,,,,,,,
0.002678913,0.003755993,6.29E-04,1.08E-01,,,,,,,
-0.002658564,0.003561632,6.10E-04,-1.09E-01,,,,,,,
-0.002678401,0.003372559,5.92E-04,-1.11E-01,,,,,,,
-0.02259238,0.002585822,5.89E-04,-9.36E-01,,,,,,,
-0.017042116,0.001991095,5.80E-04,-7.10E-01,,,,,,,
0.002590674,0.002009262,5.63E-04,1.10E-01,,,,,,,
0.008745776,0.002213379,5.48E-04,3.75E-01,,,,,,,
0.006502463,0.002343338,5.33E-04,2.83E-01,,,,,,,
-0.034651527,0.001222393,5.53E-04,-1.48E+00,,,,,,,
-0.013384709,0.000779798,5.42E-04,-5.75E-01,,,,,,,
0.01336074,0.001161001,5.31E-04,5.81E-01,,,,,,,
0.025760649,0.00190637,5.35E-04,1.12E+00,,,,,,,
0.00276844,0.001932491,5.19E-04,1.22E-01,,,,,,,
0.001774798,0.001927713,5.03E-04,7.94E-02,,,,,,,
-0.001574803,0.001821587,4.88E-04,-7.15E-02,,,,,,,
0.013998423,0.002190545,4.79E-04,6.43E-01,,,,,,,
0,0.002124171,4.65E-04,0.00E+00,,,,,,,
-0.007440177,0.001834371,4.52E-04,-3.51E-01,,,,,,,
-0.018841167,0.001207903,4.49E-04,-8.90E-01,,,,,,,
-0.01610572,0.0006833,4.43E-04,-7.65E-01,,,,,,,
0.001888772,0.000719826,4.30E-04,9.11E-02,,,,,,,
0.001256808,0.000736096,4.17E-04,6.16E-02,,,,,,,
0.025941423,0.001499818,4.25E-04,1.26E+00,,,,,,,
0.006525285,0.001652089,4.13E-04,3.22E-01,,,,,,,
0.037074554,0.00272539,4.42E-04,1.78E+00,,,,,,,
0.013674546,0.003057149,4.35E-04,6.63E-01,,,,,,,
0.000192715,0.002970357,4.22E-04,9.49E-03,,,,,,,
0.010789981,0.003207292,4.12E-04,5.38E-01,,,,,,,
0.000381243,0.003121662,4.00E-04,1.93E-02,,,,,,,
-0.000190549,0.003021302,3.88E-04,-9.79E-03,,,,,,,
0.032208881,0.003905686,4.07E-04,1.63E+00,,,,,,,
0.011447563,0.004134205,3.99E-04,5.86E-01,,,,,,,
0.003103322,0.004102969,3.87E-04,1.61E-01,,,,,,,
0.000181984,0.003984163,3.75E-04,9.60E-03,,,,,,,
-0.00363901,0.003753181,3.65E-04,-1.94E-01,,,,,,,
0.014243974,0.004071052,3.60E-04,7.69E-01,,,,,,,
0.000900252,0.003974977,3.49E-04,4.93E-02,,,,,,,
0.012772081,0.004241529,3.43E-04,7.08E-01,,,,,,,
0.013676732,0.004527416,3.38E-04,7.67E-01,,,,,,,
-0.008410724,0.00413539,3.30E-04,-4.75E-01,,,,,,,
-0.015197031,0.003549618,3.27E-04,-8.57E-01,,,,,,,
0.020814642,0.004072748,3.30E-04,1.17E+00,,,,,,,
0.004218668,0.004077169,3.21E-04,2.42E-01,,,,,,,
-0.015578505,0.003481602,3.19E-04,-8.90E-01,,,,,,,
0.014224751,0.00380712,3.15E-04,8.20E-01,,,,,,,
0.008941094,0.003962679,3.08E-04,5.23E-01,,,,,,,
-0.016681147,0.003337171,3.07E-04,-9.70E-01,,,,,,,
-0.030747482,0.002304406,3.26E-04,-1.72E+00,,,,,,,
0.01349134,0.00264337,3.22E-04,7.60E-01,,,,,,,
0.009534089,0.002852159,3.15E-04,5.44E-01,,,,,,,
0.010691376,0.003089687,3.09E-04,6.18E-01,,,,,,,
0.023448519,0.00370656,3.16E-04,1.35E+00,,,,,,,
-0.001205857,0.003557714,3.07E-04,-7.03E-02,,,,,,,
0.004311832,0.003580564,2.98E-04,2.55E-01,,,,,,,
0.001030397,0.003503294,2.89E-04,6.19E-02,,,,,,,
-0.00085778,0.003371153,2.80E-04,-5.23E-02,,,,,,,
-0.005666209,0.003097321,2.73E-04,-3.49E-01,,,,,,,
-0.012778449,0.002616285,2.69E-04,-7.89E-01,,,,,,,
-0.024838202,0.001784414,2.80E-04,-1.49E+00,,,,,,,
-0.004843049,0.001583602,2.72E-04,-2.95E-01,,,,,,,
0.010454218,0.001852382,2.67E-04,6.44E-01,,,,,,,
0.012843382,0.002185409,2.64E-04,7.97E-01,,,,,,,
0,0.002119191,2.56E-04,0.00E+00,,,,,,,
0.014326141,0.002489062,2.55E-04,9.09E-01,,,,,,,
0.015693112,0.002889144,2.54E-04,1.00E+00,,,,,,,
0.014248927,0.003233346,2.53E-04,9.15E-01,,,,,,,
-0.000505817,0.003120049,2.45E-04,-3.30E-02,,,,,,,
0.007958009,0.003266639,2.40E-04,5.26E-01,,,,,,,
0.009407022,0.003452693,2.35E-04,6.30E-01,,,,,,,
0.021634215,0.004003593,2.42E-04,1.44E+00,,,,,,,
0.001136179,0.00391671,2.35E-04,7.67E-02,,,,,,,
-0.000488202,0.003783242,2.28E-04,-3.34E-02,,,,,,,
-0.000651254,0.003648876,2.21E-04,-4.52E-02,,,,,,,
0.008145976,0.003785139,2.16E-04,5.73E-01,,,,,,,
-0.008726568,0.003406034,2.12E-04,-6.17E-01,,,,,,,
-0.023312683,0.002596457,2.22E-04,-1.59E+00,,,,,,,
-0.00283759,0.002431805,2.15E-04,-1.96E-01,,,,,,,
0.022430532,0.003037767,2.24E-04,1.53E+00,,,,,,,
-0.006548788,0.002747294,2.19E-04,-4.51E-01,,,,,,,
-0.00626236,0.002474301,2.13E-04,-4.35E-01,,,,,,,
-0.031011609,0.001459678,2.36E-04,-2.03E+00,,,,,,,
-0.009755263,0.001119866,2.32E-04,-6.43E-01,,,,,,,
0.017974421,0.001630559,2.34E-04,1.18E+00,,,,,,,
0.016808149,0.00209044,2.36E-04,1.10E+00,,,,,,,
0.001669728,0.002077692,2.29E-04,1.11E-01,,,,,,,
0.011668611,0.002368297,2.26E-04,7.86E-01,,,,,,,
0.008732905,0.002561145,2.21E-04,5.96E-01,,,,,,,
-0.000326691,0.002473643,2.15E-04,-2.26E-02,,,,,,,
-0.004575163,0.002260064,2.09E-04,-3.20E-01,,,,,,,
0.017892318,0.002733722,2.12E-04,1.25E+00,,,,,,,
0.000483793,0.002665549,2.06E-04,3.43E-02,,,,,,,
-0.009832366,0.002286862,2.03E-04,-7.00E-01,,,,,,,
0.005534755,0.002385273,1.97E-04,4.00E-01,,,,,,,
-0.006313745,0.002121693,1.93E-04,-4.60E-01,,,,,,,
-0.018409906,0.001499585,1.97E-04,-1.32E+00,,,,,,,
0.01659751,0.001957053,1.99E-04,1.19E+00,,,,,,,
-0.018285714,0.001343697,2.03E-04,-1.29E+00,,,,,,,
-0.010976218,0.000970403,2.01E-04,-7.76E-01,,,,,,,
-0.014461073,0.00050283,2.01E-04,-1.02E+00,,,,,,,
-0.03412387,-0.000546359,2.30E-04,-2.25E+00,,,,,,,
0.018371312,2.6846E-05,2.34E-04,1.20E+00,,,,,,,
-0.025498699,-0.000746578,2.46E-04,-1.63E+00,,,,,,,
-0.000711997,-0.00074553,2.39E-04,-4.61E-02,,,,,,,
0.011578197,-0.000372121,2.36E-04,7.54E-01,,,,,,,
-0.006691319,-0.000563593,2.30E-04,-4.42E-01,,,,,,,
0.025704662,0.000232335,2.43E-04,1.65E+00,,,,,,,
-0.001036986,0.000193875,2.36E-04,-6.76E-02,,,,,,,
0.019723183,0.000785613,2.40E-04,1.27E+00,,,,,,,
-0.004241602,0.000633288,2.33E-04,-2.78E-01,,,,,,,
0.006645084,0.000815446,2.28E-04,4.41E-01,,,,,,,
-0.017095464,0.000272745,2.30E-04,-1.13E+00,,,,,,,
0.00809368,0.000509719,2.25E-04,5.40E-01,,,,,,,
0.025281859,0.001260315,2.37E-04,1.65E+00,,,,,,,
-0.000833056,0.001196886,2.30E-04,-5.51E-02,,,,,,,
-0.0003335,0.001150515,2.23E-04,-2.24E-02,,,,,,,
-0.0235196,0.000403011,2.33E-04,-1.54E+00,,,,,,,
-0.002391527,0.000318336,2.26E-04,-1.59E-01,,,,,,,
0.017294521,0.000832715,2.28E-04,1.15E+00,,,,,,,
-0.004376368,0.00067488,2.22E-04,-2.94E-01,,,,,,,
0.000169062,0.000659553,2.15E-04,1.15E-02,,,,,,,
0,0.000639569,2.09E-04,0.00E+00,,,,,,,
-0.03025693,-0.000296595,2.30E-04,-1.99E+00,,,,,,,
0.009586892,2.87458E-06,2.26E-04,6.38E-01,,,,,,,
0.01605663,0.000489303,2.27E-04,1.07E+00,,,,,,,
0.012064571,0.000840034,2.25E-04,8.06E-01,,,,,,,
-0.012760242,0.000427946,2.23E-04,-8.55E-01,,,,,,,
0.025680272,0.001193091,2.36E-04,1.68E+00,,,,,,,
-0.00033162,0.001146892,2.29E-04,-2.20E-02,,,,,,,
-0.010283629,0.000800548,2.25E-04,-6.86E-01,,,,,,,
0.000335177,0.000786447,2.18E-04,2.27E-02,,,,,,,
-0.00235492,0.000691263,2.12E-04,-1.62E-01,,,,,,,
0.00809307,0.000915538,2.07E-04,5.63E-01,,,,,,,
0.013659837,0.00130169,2.07E-04,9.54E-01,,,,,,,
-0.001314708,0.001222414,2.01E-04,-9.32E-02,,,,,,,
0.006939855,0.001395652,1.96E-04,4.98E-01,,,,,,,
-0.007384312,0.001129619,1.92E-04,-5.35E-01,,,,,,,
0.006447347,0.001290746,1.87E-04,4.73E-01,,,,,,,
0.009855453,0.001550257,1.84E-04,7.31E-01,,,,,,,
0.011223162,0.001843346,1.83E-04,8.38E-01,,,,,,,
0.012063696,0.002153022,1.81E-04,9.07E-01,,,,,,,
0.005403687,0.002251518,1.77E-04,4.12E-01,,,,,,,
-0.0014227,0.002140189,1.72E-04,-1.10E-01,,,,,,,
-0.001899636,0.002017782,1.66E-04,-1.49E-01,,,,,,,
0.000317209,0.001966255,1.61E-04,2.53E-02,,,,,,,
-0.010781671,0.001579993,1.60E-04,-8.59E-01,,,,,,,
0.021477801,0.002182896,1.69E-04,1.67E+00,,,,,,,
-0.002039856,0.002054947,1.64E-04,-1.61E-01,,,,,,,
-0.000157233,0.001987918,1.59E-04,-1.26E-02,,,,,,,
0.005032238,0.002080161,1.55E-04,4.10E-01,,,,,,,
0.006415271,0.002211515,1.52E-04,5.29E-01,,,,,,,
-0.004975124,0.001993759,1.48E-04,-4.15E-01,,,,,,,
-0.00671875,0.00172977,1.45E-04,-5.64E-01,,,,,,,
0.008179959,0.001925211,1.42E-04,6.95E-01,,,,,,,
0.007645499,0.002098536,1.40E-04,6.57E-01,,,,,,,
-0.014245897,0.001603299,1.42E-04,-1.21E+00,,,,,,,
0,0.001554719,1.37E-04,0.00E+00,,,,,,,
0.015394282,0.001974058,1.40E-04,1.32E+00,,,,,,,
-0.01299505,0.001520494,1.41E-04,-1.10E+00,,,,,,,
-0.019592476,0.000880771,1.49E-04,-1.61E+00,,,,,,,
-0.014708233,0.000408424,1.51E-04,-1.20E+00,,,,,,,
-0.000811293,0.000371467,1.46E-04,-6.71E-02,,,,,,,
-0.008119519,0.00011419,1.44E-04,-6.77E-01,,,,,,,
0.009986902,0.000413333,1.42E-04,8.37E-01,,,,,,,
-0.018479494,-0.000159119,1.48E-04,-1.52E+00,,,,,,,
-0.007431874,-0.000379484,1.46E-04,-6.16E-01,,,,,,,
0.009317804,-8.56561E-05,1.44E-04,7.77E-01,,,,,,,
0.009231784,0.000196662,1.42E-04,7.75E-01,,,,,,,
-0.000653381,0.000170906,1.38E-04,-5.57E-02,,,,,,,
-0.034488395,-0.000879271,1.70E-04,-2.65E+00,,,,,,,
-0.001185035,-0.000888535,1.65E-04,-9.26E-02,,,,,,,
-0.005084746,-0.001015681,1.60E-04,-4.03E-01,,,,,,,
0.009028961,-0.000711328,1.58E-04,7.20E-01,,,,,,,
0.0005065,-0.000674428,1.53E-04,4.10E-02,,,,,,,
0.01923726,-7.11036E-05,1.60E-04,1.52E+00,,,,,,,
0.012417219,0.000307293,1.60E-04,9.83E-01,,,,,,,
0,0.000297982,1.55E-04,0.00E+00,,,,,,,
0.011774325,0.000645715,1.54E-04,9.49E-01,,,,,,,
0.009697753,0.000919992,1.52E-04,7.88E-01,,,,,,,
0.005602689,0.001061877,1.49E-04,4.61E-01,,,,,,,
0.003024514,0.001121345,1.45E-04,2.53E-01,,,,,,,
0.002539279,0.001164309,1.40E-04,2.15E-01,,,,,,,
-0.009339877,0.000846032,1.39E-04,-7.95E-01,,,,,,,
0.003835091,0.0009366,1.35E-04,3.31E-01,,,,,,,
0.002069405,0.000970924,1.31E-04,1.81E-01,,,,,,,
-0.0025417,0.000864492,1.27E-04,-2.26E-01,,,,,,,
0.019748368,0.001436673,1.35E-04,1.71E+00,,,,,,,
0.011713259,0.001748054,1.35E-04,1.02E+00,,,,,,,
0.003087373,0.001788635,1.31E-04,2.73E-01,,,,,,,
0.00307787,0.001827699,1.28E-04,2.76E-01,,,,,,,
0.019331083,0.002358051,1.35E-04,1.70E+00,,,,,,,
0.002870524,0.002373579,1.31E-04,2.56E-01,,,,,,,
0.00406749,0.002424905,1.28E-04,3.68E-01,,,,,,,
0.008402101,0.002606014,1.26E-04,7.69E-01,,,,,,,
0.002678173,0.0026082,1.23E-04,2.49E-01,,,,,,,
0.00089034,0.002556149,1.19E-04,8.40E-02,,,,,,,
-0.004002965,0.002357408,1.16E-04,-3.81E-01,,,,,,,
0.007740399,0.002520513,1.14E-04,7.46E-01,,,,,,,
0.004874446,0.002591837,1.11E-04,4.77E-01,,,,,,,
-0.002792885,0.00242868,1.08E-04,-2.76E-01,,,,,,,
-0.011645047,0.002002246,1.09E-04,-1.14E+00,,,,,,,
0.014168531,0.002370884,1.12E-04,1.38E+00,,,,,,,
0.011176471,0.002637694,1.12E-04,1.09E+00,,,,,,,
-0.008871437,0.002288967,1.11E-04,-8.62E-01,,,,,,,
-0.006309611,0.00202843,1.09E-04,-6.16E-01,,,,,,,
0.000147667,0.001971443,1.06E-04,1.46E-02,,,,,,,
0.004281707,0.002041444,1.03E-04,4.31E-01,,,,,,,
0.003087327,0.002073134,1.00E-04,3.15E-01,,,,,,,
-0.007621281,0.001779393,9.89E-05,-7.79E-01,,,,,,,
0.007384434,0.001949226,9.76E-05,7.62E-01,,,,,,,
0,0.001890164,9.46E-05,0.00E+00,,,,,,,
0.017739334,0.002370394,1.01E-04,1.81E+00,,,,,,,
0.006626332,0.002499349,9.96E-05,6.86E-01,,,,,,,
-0.002003434,0.002362915,9.67E-05,-2.10E-01,,,,,,,
-0.000716949,0.002269595,9.38E-05,-7.62E-02,,,,,,,
0.006313675,0.002392131,9.21E-05,6.79E-01,,,,,,,
0.001140739,0.002354213,8.94E-05,1.25E-01,,,,,,,
0.003703176,0.002395087,8.71E-05,4.11E-01,,,,,,,
0.021853271,0.00298467,9.89E-05,2.30E+00,,,,,,,
0.003888349,0.003012051,9.64E-05,4.16E-01,,,,,,,
-0.012588186,0.002539364,9.83E-05,-1.31E+00,,,,,,,
-0.003362286,0.002360544,9.56E-05,-3.54E-01,,,,,,,
0.012229407,0.002659571,9.73E-05,1.29E+00,,,,,,,
0.004304958,0.002709426,9.49E-05,4.60E-01,,,,,,,
0.008019912,0.002870334,9.39E-05,8.66E-01,,,,,,,
0.013854595,0.003203157,9.69E-05,1.49E+00,,,,,,,
-0.003247193,0.003007711,9.43E-05,-3.52E-01,,,,,,,
-0.021039772,0.002279073,1.05E-04,-2.11E+00,,,,,,,
0.003050471,0.002302446,1.02E-04,3.10E-01,,,,,,,
0.018800111,0.002802325,1.10E-04,1.86E+00,,,,,,,
-0.02917232,0.001833493,1.32E-04,-2.57E+00,,,,,,,
0.020265549,0.002391985,1.40E-04,1.75E+00,,,,,,,
-0.026438356,0.001518425,1.57E-04,-2.12E+00,,,,,,,
-0.016744055,0.000965072,1.61E-04,-1.32E+00,,,,,,,
-0.043646251,-0.000386651,2.14E-04,-2.98E+00,,,,,,,
-0.024689511,-0.001123028,2.26E-04,-1.65E+00,,,,,,,
0.05569193,0.000598466,3.13E-04,3.15E+00,,,,,,,
0.005813109,0.000756469,3.05E-04,3.33E-01,,,,,,,
0.031064875,0.001674814,3.25E-04,1.73E+00,,,,,,,
-0.005044843,0.001471208,3.16E-04,-2.85E-01,,,,,,,
-0.020140845,0.000816363,3.18E-04,-1.13E+00,,,,,,,
-0.000862441,0.000765495,3.09E-04,-4.91E-02,,,,,,,
-0.017407567,0.000214852,3.09E-04,-9.91E-01,,,,,,,
-0.01522694,-0.000253035,3.06E-04,-8.70E-01,,,,,,,
-0.048468629,-0.001713967,3.68E-04,-2.54E+00,,,,,,,
0.01375,-0.001245409,3.63E-04,7.24E-01,,,,,,,
-0.01325524,-0.001609307,3.57E-04,-7.04E-01,,,,,,,
-0.003748828,-0.001674134,3.47E-04,-2.02E-01,,,,,,,
0,-0.001623408,3.36E-04,0.00E+00,,,,,,,
0.047820633,-0.000125254,3.95E-04,2.41E+00,,,,,,,
-0.010773605,-0.000447899,3.87E-04,-5.48E-01,,,,,,,
0,-0.000434327,3.75E-04,0.00E+00,,,,,,,
-0.031916503,-0.001388237,3.95E-04,-1.61E+00,,,,,,,
0.02828125,-0.000489252,4.07E-04,1.40E+00,,,,,,,
0.015803069,4.40555E-06,4.02E-04,7.88E-01,,,,,,,
-0.049065071,-0.0014824,4.63E-04,-2.29E+00,,,,,,,
-0.029416391,-0.0023288,4.75E-04,-1.36E+00,,,,,,,
-0.003417413,-0.002361785,4.61E-04,-1.60E-01,,,,,,,
0.005388635,-0.002126947,4.48E-04,2.56E-01,,,,,,,
0.028910184,-0.001186522,4.60E-04,1.35E+00,,,,,,,
0.017927347,-0.000607372,4.55E-04,8.40E-01,,,,,,,
0.00883995,-0.000321118,4.44E-04,4.20E-01,,,,,,,
0.020214395,0.000301108,4.43E-04,9.61E-01,,,,,,,
0.001050736,0.000323822,4.30E-04,5.07E-02,,,,,,,
0.000899685,0.000341271,4.17E-04,4.41E-02,,,,,,,
-0.002707989,0.000248878,4.04E-04,-1.35E-01,,,,,,,
-0.007090059,2.65084E-05,3.93E-04,-3.57E-01,,,,,,,
-0.024156791,-0.000706246,3.99E-04,-1.21E+00,,,,,,,
-0.002023976,-0.000746173,3.87E-04,-1.03E-01,,,,,,,
-0.01326053,-0.001125358,3.81E-04,-6.81E-01,,,,,,,
0.016600791,-0.000588256,3.78E-04,8.55E-01,,,,,,,
-0.004043546,-0.000692951,3.67E-04,-2.11E-01,,,,,,,
-0.042473454,-0.0019589,4.10E-04,-2.11E+00,,,,,,,
-0.008806262,-0.002166375,4.00E-04,-4.43E-01,,,,,,,
-0.009378085,-0.00238489,3.91E-04,-4.78E-01,,,,,,,
-0.011958146,-0.00267496,3.83E-04,-6.17E-01,,,,,,,
0,-0.002593908,3.72E-04,0.00E+00,,,,,,,
-0.00890906,-0.002785258,3.63E-04,-4.73E-01,,,,,,,
0.038161465,-0.001544572,3.96E-04,1.92E+00,,,,,,,
0.011599412,-0.001146309,3.88E-04,5.90E-01,,,,,,,
0.010335917,-0.000798398,3.79E-04,5.31E-01,,,,,,,
-0.005594629,-0.000943723,3.69E-04,-2.92E-01,,,,,,,
0.026040829,-0.000126091,3.78E-04,1.34E+00,,,,,,,
0.000939997,-9.3789E-05,3.67E-04,4.91E-02,,,,,,,
-0.013617154,-0.000503547,3.61E-04,-7.17E-01,,,,,,,
-0.034750873,-0.001541241,3.87E-04,-1.77E+00,,,,,,,
0.001808318,-0.001439749,3.75E-04,9.36E-02,,,,,,,
0.021332458,-0.000749751,3.78E-04,1.10E+00,,,,,,,
-0.017673522,-0.001262542,3.76E-04,-9.14E-01,,,,,,,
0.03418384,-0.000188516,4.00E-04,1.71E+00,,,,,,,
0.02736043,0.000646217,4.10E-04,1.35E+00,,,,,,,
0.020935961,0.001260996,4.11E-04,1.03E+00,,,,,,,
-0.003015682,0.001131413,3.99E-04,-1.51E-01,,,,,,,
-0.017090139,0.0005793,3.96E-04,-8.59E-01,,,,,,,
-0.003385136,0.000459177,3.84E-04,-1.73E-01,,,,,,,
0.002933457,0.000534148,3.73E-04,1.52E-01,,,,,,,
0.015086207,0.000975075,3.68E-04,7.87E-01,,,,,,,
-0.004701244,0.000803083,3.58E-04,-2.49E-01,,,,,,,
0.009142161,0.001055757,3.50E-04,4.90E-01,,,,,,,
-0.012079118,0.00065777,3.43E-04,-6.52E-01,,,,,,,
-0.006571909,0.000438711,3.34E-04,-3.60E-01,,,,,,,
0.013230769,0.00082631,3.29E-04,7.30E-01,,,,,,,
-0.020194352,0.000189384,3.32E-04,-1.11E+00,,,,,,,
-0.043235704,-0.001126396,3.78E-04,-2.23E+00,,,,,,,
-0.004859086,-0.001239496,3.68E-04,-2.54E-01,,,,,,,
-0.009440104,-0.001487975,3.59E-04,-5.00E-01,,,,,,,
0.010023004,-0.001139192,3.51E-04,5.36E-01,,,,,,,
0.015454693,-0.000636398,3.48E-04,8.29E-01,,,,,,,
-0.004005127,-0.00073847,3.38E-04,-2.18E-01,,,,,,,
-0.018980216,-0.001291195,3.39E-04,-1.03E+00,,,,,,,
0.001147729,-0.001217295,3.28E-04,6.35E-02,,,,,,,
-0.01424828,-0.001612134,3.25E-04,-7.94E-01,,,,,,,
-0.011795979,-0.001920705,3.19E-04,-6.64E-01,,,,,,,
0.015467384,-0.001393846,3.17E-04,8.72E-01,,,,,,,
-0.007615894,-0.001582374,3.09E-04,-4.35E-01,,,,,,,
0.029362696,-0.000644738,3.25E-04,1.63E+00,,,,,,,
-0.026256078,-0.001420762,3.37E-04,-1.44E+00,,,,,,,
0.001331558,-0.001337366,3.26E-04,7.39E-02,,,,,,,
0.037067819,-0.000173689,3.58E-04,1.96E+00,,,,,,,
0.012662286,0.000215241,3.52E-04,6.75E-01,,,,,,,
0.017727129,0.000745851,3.51E-04,9.47E-01,,,,,,,
0,0.000723252,3.40E-04,0.00E+00,,,,,,,
-0.019906687,9.81644E-05,3.42E-04,-1.08E+00,,,,,,,
0.007487653,0.000322066,3.33E-04,4.10E-01,,,,,,,
-0.00142315,0.000269186,3.23E-04,-7.92E-02,,,,,,,
0.003167063,0.000356992,3.14E-04,1.79E-01,,,,,,,
0.02320442,0.001049269,3.21E-04,1.30E+00,,,,,,,
-0.001079914,0.000984754,3.11E-04,-6.13E-02,,,,,,,
0.005384615,0.00111807,3.02E-04,3.10E-01,,,,,,,
-0.00489671,0.000935822,2.94E-04,-2.86E-01,,,,,,,
-0.000154369,0.00090279,2.85E-04,-9.16E-03,,,,,,,
0.026864289,0.001689423,2.98E-04,1.56E+00,,,,,,,
-0.003458127,0.001533452,2.90E-04,-2.04E-01,,,,,,,
-0.011013881,0.001153268,2.85E-04,-6.54E-01,,,,,,,
-0.012509535,0.000739285,2.81E-04,-7.47E-01,,,,,,,
0.03120655,0.001662443,3.02E-04,1.81E+00,,,,,,,
-0.002397004,0.001539442,2.93E-04,-1.41E-01,,,,,,,
0.009010362,0.001765811,2.86E-04,5.35E-01,,,,,,,
0.005506772,0.001879162,2.79E-04,3.32E-01,,,,,,,
-0.001628182,0.00177289,2.70E-04,-9.96E-02,,,,,,,
0.005485545,0.001885383,2.63E-04,3.41E-01,,,,,,,
-0.013860218,0.001408291,2.61E-04,-8.62E-01,,,,,,,
0.026166268,0.002158458,2.74E-04,1.60E+00,,,,,,,
-0.002331342,0.002022417,2.65E-04,-1.44E-01,,,,,,,
-0.000584197,0.001943437,2.57E-04,-3.67E-02,,,,,,,
0.009352623,0.002167935,2.52E-04,5.94E-01,,,,,,,
0.002316491,0.002172436,2.45E-04,1.50E-01,,,,,,,
0.000288892,0.002115365,2.37E-04,1.89E-02,,,,,,,
0.018628159,0.002615702,2.41E-04,1.22E+00,,,,,,,
0.002268217,0.002605174,2.34E-04,1.51E-01,,,,,,,
-0.005799151,0.002350523,2.28E-04,-3.89E-01,,,,,,,
0.005548442,0.00244742,2.22E-04,3.78E-01,,,,,,,
-0.017402377,0.001845971,2.24E-04,-1.17E+00,,,,,,,
0.009071274,0.002064897,2.20E-04,6.18E-01,,,,,,,
-0.00527968,0.001842357,2.14E-04,-3.64E-01,,,,,,,
0.007172572,0.002003862,2.09E-04,5.01E-01,,,,,,,
0.006836633,0.002150295,2.04E-04,4.84E-01,,,,,,,
-0.002263404,0.00201656,1.98E-04,-1.63E-01,,,,,,,
-0.002552105,0.00187813,1.92E-04,-1.86E-01,,,,,,,
-0.008386638,0.001567107,1.89E-04,-6.15E-01,,,,,,,
0.006594037,0.001719423,1.84E-04,4.90E-01,,,,,,,
-0.004129878,0.001542189,1.79E-04,-3.11E-01,,,,,,,
0.01987702,0.002097735,1.86E-04,1.48E+00,,,,,,,
0.004346607,0.002165875,1.81E-04,3.28E-01,,,,,,,
0.022197403,0.002772831,1.90E-04,1.64E+00,,,,,,,
0.005462988,0.002854343,1.85E-04,4.11E-01,,,,,,,
-0.002309155,0.002697889,1.80E-04,-1.76E-01,,,,,,,
-0.011844792,0.002257245,1.79E-04,-8.99E-01,,,,,,,
0.008128961,0.002435158,1.75E-04,6.25E-01,,,,,,,
-0.001776684,0.002307539,1.70E-04,-1.38E-01,,,,,,,
-0.016703176,0.001731515,1.73E-04,-1.28E+00,,,,,,,
0.002088555,0.001742333,1.68E-04,1.63E-01,,,,,,,
-0.020425177,0.001070658,1.76E-04,-1.55E+00,,,,,,,
0.002269504,0.001106983,1.70E-04,1.74E-01,,,,,,,
0.021228418,0.001716662,1.79E-04,1.60E+00,,,,,,,
0.002771619,0.001748627,1.74E-04,2.12E-01,,,,,,,
0.005113322,0.001850577,1.69E-04,3.97E-01,,,,,,,
-0.010587103,0.001473716,1.68E-04,-8.23E-01,,,,,,,
0.022234575,0.00210277,1.77E-04,1.69E+00,,,,,,,
0,0.002039056,1.72E-04,0.00E+00,,,,,,,
-0.006661229,0.001775437,1.68E-04,-5.18E-01,,,,,,,
-0.000136855,0.001717495,1.63E-04,-1.08E-02,,,,,,,
-0.005611826,0.001495416,1.59E-04,-4.48E-01,,,,,,,
0.021197522,0.00209239,1.68E-04,1.66E+00,,,,,,,
0.012939749,0.002421065,1.68E-04,1.02E+00,,,,,,,
0.00425815,0.002476729,1.63E-04,3.40E-01,,,,,,,
0.00622764,0.002590381,1.60E-04,5.04E-01,,,,,,,
0.006076618,0.002696014,1.56E-04,4.98E-01,,,,,,,
0.002494748,0.002689916,1.51E-04,2.08E-01,,,,,,,
0.001178782,0.002644129,1.47E-04,9.97E-02,,,,,,,
0.012129907,0.002931548,1.47E-04,1.03E+00,,,,,,,
-0.002706186,0.002760724,1.43E-04,-2.33E-01,,,,,,,
-0.001814412,0.002622098,1.38E-04,-1.58E-01,,,,,,,
-0.004012426,0.002421072,1.35E-04,-3.54E-01,,,,,,,
0.00948668,0.00263516,1.33E-04,8.44E-01,,,,,,,
0.002194964,0.002621822,1.29E-04,1.98E-01,,,,,,,
0.002963154,0.002632164,1.26E-04,2.72E-01,,,,,,,
0.012716763,0.002937727,1.27E-04,1.17E+00,,,,,,,
0.000253678,0.002856401,1.23E-04,2.37E-02,,,,,,,
-0.001775298,0.00271606,1.19E-04,-1.68E-01,,,,,,,
0.002667683,0.002714594,1.16E-04,2.56E-01,,,,,,,
-0.003420753,0.002528693,1.13E-04,-3.32E-01,,,,,,,
0.001652682,0.00250215,1.09E-04,1.63E-01,,,,,,,
-0.000634598,0.002407107,1.06E-04,-6.33E-02,,,,,,,
-0.006477013,0.002137918,1.04E-04,-6.49E-01,,,,,,,
0.016106353,0.002561162,1.09E-04,1.59E+00,,,,,,,
-0.014593031,0.00204139,1.12E-04,-1.40E+00,,,,,,,
0.011489851,0.002327678,1.13E-04,1.11E+00,,,,,,,
-0.001514578,0.002211258,1.09E-04,-1.48E-01,,,,,,,
-0.008090001,0.001899129,1.08E-04,-7.92E-01,,,,,,,
0.006244425,0.002030792,1.06E-04,6.19E-01,,,,,,,
0.005825735,0.002145779,1.04E-04,5.85E-01,,,,,,,
0.007806598,0.002317301,1.02E-04,7.92E-01,,,,,,,
-0.00049975,0.002231945,9.94E-05,-5.14E-02,,,,,,,
0.007375,0.002387779,9.80E-05,7.68E-01,,,,,,,
0,0.00231543,9.50E-05,0.00E+00,,,,,,,
0.002853952,0.002331747,9.24E-05,3.06E-01,,,,,,,
-0.027715912,0.001421303,1.13E-04,-2.63E+00,,,,,,,
-0.012725884,0.000992643,1.14E-04,-1.20E+00,,,,,,,
-0.005027069,0.000810246,1.12E-04,-4.77E-01,,,,,,,
0.006866174,0.00099374,1.10E-04,6.59E-01,,,,,,,
0.00128667,0.001002616,1.06E-04,1.25E-01,,,,,,,
0.016576715,0.001474511,1.12E-04,1.59E+00,,,,,,,
0.001896094,0.001487285,1.08E-04,1.84E-01,,,,,,,
-0.022457734,0.000761751,1.20E-04,-2.05E+00,,,,,,,
0.006969541,0.000949847,1.18E-04,6.44E-01,,,,,,,
0.02037939,0.001538562,1.27E-04,1.82E+00,,,,,,,
-0.001004899,0.001461496,1.23E-04,-9.13E-02,,,,,,,
0.001257387,0.001455311,1.20E-04,1.16E-01,,,,,,,
0.002637197,0.001491122,1.16E-04,2.47E-01,,,,,,,
0.009644289,0.001738163,1.15E-04,9.09E-01,,,,,,,
0.007195137,0.001903509,1.14E-04,6.86E-01,,,,,,,
-0.002832861,0.001759997,1.10E-04,-2.74E-01,,,,,,,
0.002593874,0.001785264,1.07E-04,2.54E-01,,,,,,,
0.011211039,0.002070865,1.08E-04,1.10E+00,,,,,,,
0.003654971,0.002118863,1.05E-04,3.65E-01,,,,,,,
-0.004734159,0.001911217,1.02E-04,-4.76E-01,,,,,,,
0.007927796,0.002093519,1.01E-04,8.06E-01,,,,,,,
0.007260407,0.002250076,9.97E-05,7.46E-01,,,,,,,
0.002282556,0.00225106,9.69E-05,2.38E-01,,,,,,,
0,0.002182853,9.39E-05,0.00E+00,,,,,,,
-0.026369411,0.001317719,1.12E-04,-2.51E+00,,,,,,,
-0.017973655,0.000733191,1.19E-04,-1.65E+00,,,,,,,
0.006268021,0.000900896,1.16E-04,5.84E-01,,,,,,,
0.023794693,0.001594578,1.30E-04,2.11E+00,,,,,,,
0.001338525,0.00158682,1.26E-04,1.21E-01,,,,,,,
-0.022238425,0.000864915,1.37E-04,-1.90E+00,,,,,,,
0.006214268,0.001027,1.34E-04,5.39E-01,,,,,,,
0.023344862,0.001703231,1.47E-04,1.95E+00,,,,,,,
-0.003741702,0.00153825,1.43E-04,-3.16E-01,,,,,,,
-0.019021081,0.000915302,1.49E-04,-1.56E+00,,,,,,,
0.017907867,0.001430177,1.54E-04,1.45E+00,,,,,,,
-0.007401116,0.001162589,1.51E-04,-6.04E-01,,,,,,,
-0.023663561,0.000410356,1.64E-04,-1.85E+00,,,,,,,
0.004256385,0.000526891,1.59E-04,3.38E-01,,,,,,,
-0.003876938,0.000393455,1.55E-04,-3.12E-01,,,,,,,
-0.012680477,-2.68523E-06,1.55E-04,-1.02E+00,,,,,,,
-0.008901322,-0.000272314,1.53E-04,-7.20E-01,,,,,,,
0.003207596,-0.000166873,1.49E-04,2.63E-01,,,,,,,
0.013428827,0.000245077,1.49E-04,1.10E+00,,,,,,,
0.023346795,0.000945059,1.61E-04,1.84E+00,,,,,,,
-0.005919349,0.000737068,1.58E-04,-4.72E-01,,,,,,,
0.003473514,0.000819982,1.53E-04,2.81E-01,,,,,,,
0.008406478,0.001049853,1.51E-04,6.87E-01,,,,,,,
0.006497487,0.001214916,1.47E-04,5.38E-01,,,,,,,
-0.004384896,0.001045242,1.44E-04,-3.67E-01,,,,,,,
0.011989234,0.001376845,1.44E-04,1.01E+00,,,,,,,
0.014023211,0.00176003,1.45E-04,1.18E+00,,,,,,,
0.00345732,0.001811457,1.41E-04,2.94E-01,,,,,,,
0.004514673,0.001893365,1.37E-04,3.90E-01,,,,,,,
0.002602011,0.001914837,1.34E-04,2.28E-01,,,,,,,
0.002123393,0.001921156,1.30E-04,1.89E-01,,,,,,,
0.00223661,0.001930714,1.26E-04,2.02E-01,,,,,,,
-0.004933051,0.001722742,1.23E-04,-4.51E-01,,,,,,,
-0.010387158,0.001355812,1.22E-04,-9.46E-01,,,,,,,
-0.008349237,0.001061749,1.21E-04,-7.64E-01,,,,,,,
-0.014553765,0.000588599,1.23E-04,-1.31E+00,,,,,,,
0.001952887,0.000629937,1.20E-04,1.79E-01,,,,,,,
0.006212693,0.000799095,1.17E-04,5.75E-01,,,,,,,
0.009564165,0.001064676,1.17E-04,8.90E-01,,,,,,,
-0.01474997,0.000585492,1.20E-04,-1.35E+00,,,,,,,
0,0.000567752,1.16E-04,0.00E+00,,,,,,,
0.020813048,0.001181184,1.26E-04,1.87E+00,,,,,,,
0.002861571,0.0012321,1.22E-04,2.61E-01,,,,,,,
0,0.001194768,1.18E-04,0.00E+00,,,,,,,
0.007965759,0.001399929,1.17E-04,7.44E-01,,,,,,,
0.010143902,0.001664871,1.16E-04,9.52E-01,,,,,,,
0.003503036,0.001720567,1.13E-04,3.34E-01,,,,,,,
0.005236211,0.001827091,1.11E-04,5.06E-01,,,,,,,
-0.013080218,0.0013754,1.12E-04,-1.24E+00,,,,,,,
-0.011963406,0.000971234,1.13E-04,-1.13E+00,,,,,,,
-0.014363723,0.000506585,1.16E-04,-1.33E+00,,,,,,,
-0.00072263,0.00046934,1.13E-04,-6.82E-02,,,,,,,
0,0.000455119,1.09E-04,0.00E+00,,,,,,,
0.013257804,0.00084304,1.11E-04,1.26E+00,,,,,,,
0.015701201,0.001293242,1.15E-04,1.47E+00,,,,,,,
-0.01756646,0.000721793,1.21E-04,-1.60E+00,,,,,,,
0.009178686,0.000978037,1.20E-04,8.41E-01,,,,,,,
-0.016536735,0.00044734,1.25E-04,-1.48E+00,,,,,,,
-0.015974057,-5.02287E-05,1.29E-04,-1.41E+00,,,,,,,
0.000244111,-4.13102E-05,1.25E-04,2.19E-02,,,,,,,
0.016717511,0.000466482,1.29E-04,1.47E+00,,,,,,,
0.002040326,0.00051417,1.26E-04,1.82E-01,,,,,,,
-0.011378608,0.000153818,1.26E-04,-1.01E+00,,,,,,,
-0.015507633,-0.000320724,1.29E-04,-1.36E+00,,,,,,,
-0.0041841,-0.000437784,1.26E-04,-3.73E-01,,,,,,,
0.011122096,-8.75195E-05,1.26E-04,9.92E-01,,,,,,,
0.016499633,0.000415071,1.30E-04,1.45E+00,,,,,,,
0.005771312,0.000577365,1.27E-04,5.12E-01,,,,,,,
0,0.000559871,1.23E-04,0.00E+00,,,,,,,
0.013508667,0.00095222,1.25E-04,1.21E+00,,,,,,,
-0.0326728,-6.66185E-05,1.54E-04,-2.63E+00,,,,,,,
-0.000487745,-7.93786E-05,1.49E-04,-3.99E-02,,,,,,,
-0.014761498,-0.000524247,1.51E-04,-1.20E+00,,,,,,,
-0.01448737,-0.000947329,1.53E-04,-1.17E+00,,,,,,,
0.001130795,-0.000884362,1.48E-04,9.31E-02,,,,,,,
-0.012550201,-0.001237837,1.49E-04,-1.03E+00,,,,,,,
0.005465175,-0.001034736,1.45E-04,4.55E-01,,,,,,,
-0.014978421,-0.00145723,1.47E-04,-1.24E+00,,,,,,,
-0.00257732,-0.001491168,1.43E-04,-2.17E-01,,,,,,,
0.023797273,-0.000724929,1.56E-04,1.91E+00,,,,,,,
-0.019560828,-0.001295656,1.63E-04,-1.54E+00,,,,,,,
0.002960484,-0.001166695,1.58E-04,2.36E-01,,,,,,,
-0.001668378,-0.001181896,1.54E-04,-1.35E-01,,,,,,,
0.010669752,-0.000822791,1.52E-04,8.66E-01,,,,,,,
0.018188756,-0.000246741,1.58E-04,1.45E+00,,,,,,,
-0.007245472,-0.000458803,1.55E-04,-5.83E-01,,,,,,,
0.003649176,-0.000334331,1.50E-04,2.98E-01,,,,,,,
-0.004137412,-0.000449565,1.46E-04,-3.42E-01,,,,,,,
0.010071761,-0.000130768,1.45E-04,8.37E-01,,,,,,,
0.016826623,0.000383041,1.49E-04,1.38E+00,,,,,,,
0.003799951,0.000486573,1.45E-04,3.16E-01,,,,,,,
0.007937477,0.000712335,1.42E-04,6.66E-01,,,,,,,
0.013569179,0.001101898,1.44E-04,1.14E+00,,,,,,,
0,0.00106851,1.39E-04,0.00E+00,,,,,,,
0.005139852,0.001191872,1.36E-04,4.43E-01,,,,,,,
0.003210846,0.001253047,1.32E-04,2.81E-01,,,,,,,
0.015528687,0.001685599,1.35E-04,1.35E+00,,,,,,,
-0.006069803,0.00145061,1.32E-04,-5.32E-01,,,,,,,
-0.022431004,0.000726997,1.44E-04,-1.87E+00,,,,,,,
-0.005165786,0.000548446,1.40E-04,-4.37E-01,,,,,,,
0.006883227,0.00074039,1.37E-04,5.88E-01,,,,,,,
-0.014032142,0.000292782,1.39E-04,-1.19E+00,,,,,,,
0.007541662,0.000512423,1.37E-04,6.46E-01,,,,,,,
-0.016781359,-1.15786E-05,1.41E-04,-1.41E+00,,,,,,,
0.019400786,0.000576616,1.48E-04,1.60E+00,,,,,,,
-0.000722717,0.000537246,1.44E-04,-6.03E-02,,,,,,,
0.013138862,0.000919075,1.45E-04,1.10E+00,,,,,,,
-0.002022606,0.000829942,1.40E-04,-1.71E-01,,,,,,,
-0.009418216,0.000519423,1.39E-04,-8.00E-01,,,,,,,
-0.010590926,0.00018278,1.38E-04,-9.02E-01,,,,,,,
-0.029558448,-0.00071838,1.60E-04,-2.34E+00,,,,,,,
-0.000752068,-0.0007194,1.55E-04,-6.04E-02,,,,,,,
-0.002132464,-0.000762216,1.51E-04,-1.74E-01,,,,,,,
-0.006662476,-0.000940994,1.48E-04,-5.50E-01,,,,,,,
-0.033409263,-0.001924783,1.77E-04,-2.54E+00,,,,,,,
0.006677141,-0.001664144,1.73E-04,5.12E-01,,,,,,,
-0.05774483,-0.003363389,2.69E-04,-3.60E+00,,,,,,,
-0.015182885,-0.00372152,2.68E-04,-9.53E-01,,,,,,,
-0.095444989,-0.006500741,5.36E-04,-4.30E+00,,,,,,,
0.073907654,-0.004064367,6.85E-04,2.86E+00,,,,,,,
-0.046746501,-0.005357635,7.30E-04,-1.76E+00,,,,,,,
0.044800969,-0.00383783,7.69E-04,1.63E+00,,,,,,,
0.00956106,-0.003431843,7.48E-04,3.52E-01,,,,,,,
0.023963266,-0.002601771,7.43E-04,8.83E-01,,,,,,,
-0.010650224,-0.00284564,7.24E-04,-3.98E-01,,,,,,,
-0.004957507,-0.002909629,7.03E-04,-1.88E-01,,,,,,,
-0.052241993,-0.0044044,7.64E-04,-1.91E+00,,,,,,,
-0.017572845,-0.004803404,7.50E-04,-6.52E-01,,,,,,,
-0.006421037,-0.004852418,7.29E-04,-2.42E-01,,,,,,,
0.049392214,-0.003208806,7.81E-04,1.78E+00,,,,,,,
0.009530792,-0.002822796,7.60E-04,3.48E-01,,,,,,,
-0.02033406,-0.003353387,7.49E-04,-7.48E-01,,,,,,,
0.022683469,-0.00256447,7.42E-04,8.36E-01,,,,,,,
0.046825167,-0.001067964,7.86E-04,1.67E+00,,,,,,,
0,-0.001035605,7.62E-04,0.00E+00,,,,,,,
0.005677884,-0.000832186,7.40E-04,2.09E-01,,,,,,,
-0.023822638,-0.001528797,7.35E-04,-8.80E-01,,,,,,,
-0.039921004,-0.002692081,7.61E-04,-1.45E+00,,,,,,,
0,-0.002610511,7.38E-04,0.00E+00,,,,,,,
-0.002350867,-0.002602644,7.16E-04,-8.83E-02,,,,,,,
0.043151694,-0.001216287,7.51E-04,1.58E+00,,,,,,,
-0.034817984,-0.002234419,7.65E-04,-1.26E+00,,,,,,,
-0.030040439,-0.003076941,7.69E-04,-1.09E+00,,,,,,,
0.008291383,-0.002732481,7.48E-04,3.05E-01,,,,,,,
0.014243759,-0.002218101,7.31E-04,5.29E-01,,,,,,,
0.016166618,-0.001661044,7.17E-04,6.05E-01,,,,,,,
0.018059338,-0.001063516,7.05E-04,6.81E-01,,,,,,,
0.008269284,-0.000780732,6.86E-04,3.16E-01,,,,,,,
-0.02201346,-0.001424084,6.80E-04,-8.46E-01,,,,,,,
-0.017204301,-0.001902225,6.68E-04,-6.67E-01,,,,,,,
-0.039533187,-0.003042443,6.95E-04,-1.51E+00,,,,,,,
-0.02536452,-0.003718802,6.93E-04,-9.73E-01,,,,,,,
0.01106436,-0.003270872,6.76E-04,4.29E-01,,,,,,,
0.020191122,-0.002559973,6.68E-04,7.85E-01,,,,,,,
0.022359873,-0.001804902,6.63E-04,8.71E-01,,,,,,,
-0.037091769,-0.002874094,6.85E-04,-1.43E+00,,,,,,,
0.016267649,-0.002294099,6.72E-04,6.30E-01,,,,,,,
-0.031259438,-0.003171749,6.81E-04,-1.21E+00,,,,,,,
-0.058612627,-0.004851608,7.65E-04,-2.15E+00,,,,,,,
0.059115748,-0.002913397,8.47E-04,2.04E+00,,,,,,,
0.020637899,-0.002199793,8.34E-04,7.17E-01,,,,,,,
0.026041667,-0.001344076,8.30E-04,9.05E-01,,,,,,,
-0.020901762,-0.001936674,8.18E-04,-7.33E-01,,,,,,,
0.041781031,-0.000612028,8.46E-04,1.44E+00,,,,,,,
0.004098361,-0.000469303,8.21E-04,1.43E-01,,,,,,,
0.010641399,-0.000132649,7.99E-04,3.76E-01,,,,,,,
0.001298139,-8.92959E-05,7.75E-04,4.66E-02,,,,,,,
0.022183809,0.000585579,7.67E-04,8.01E-01,,,,,,,
-0.0328354,-0.000427076,7.76E-04,-1.18E+00,,,,,,,
0.033075914,0.000588064,7.86E-04,1.18E+00,,,,,,,
-0.020310296,-4.51562E-05,7.74E-04,-7.30E-01,,,,,,,
-0.002879355,-0.000131032,7.51E-04,-1.05E-01,,,,,,,
0.026422177,0.00067353,7.50E-04,9.65E-01,,,,,,,
0.028555352,0.001518349,7.52E-04,1.04E+00,,,,,,,
-0.02571116,0.000693295,7.49E-04,-9.40E-01,,,,,,,
0.01459854,0.001114624,7.33E-04,5.40E-01,,,,,,,
0.055893747,0.002774431,8.05E-04,1.98E+00,,,,,,,
-0.004848008,0.002543471,7.81E-04,-1.74E-01,,,,,,,
-0.026596445,0.001660532,7.79E-04,-9.55E-01,,,,,,,
-0.028405248,0.000749539,7.80E-04,-1.02E+00,,,,,,,
0.016149241,0.00121615,7.64E-04,5.85E-01,,,,,,,
0.021235786,0.001822745,7.55E-04,7.75E-01,,,,,,,
-0.000939093,0.001739061,7.32E-04,-3.48E-02,,,,,,,
-0.001611387,0.001637542,7.10E-04,-6.06E-02,,,,,,,
0.012508406,0.00196693,6.93E-04,4.76E-01,,,,,,,
-0.049282678,0.000414067,7.46E-04,-1.80E+00,,,,,,,
0.008103954,0.00064707,7.25E-04,3.01E-01,,,,,,,
0.029383229,0.001517776,7.29E-04,1.09E+00,,,,,,,
-0.011983304,0.001108693,7.11E-04,-4.50E-01,,,,,,,
0.00749523,0.001302205,6.92E-04,2.85E-01,,,,,,,
-0.016096307,0.00077503,6.79E-04,-6.18E-01,,,,,,,
-0.012922739,0.000359988,6.63E-04,-5.02E-01,,,,,,,
0.000696379,0.00037018,6.43E-04,2.75E-02,,,,,,,
-0.024217119,-0.000374815,6.41E-04,-9.56E-01,,,,,,,
-0.010554842,-0.00068327,6.25E-04,-4.22E-01,,,,,,,
-0.031425688,-0.001614765,6.36E-04,-1.25E+00,,,,,,,
0,-0.001565837,6.17E-04,0.00E+00,,,,,,,
-0.011757702,-0.001874651,6.02E-04,-4.80E-01,,,,,,,
,,,1.16E+01,,,,,,,